url,title,genre,views,rating
https://www.webtoons.com/en/romance/letsplay/list?title_no=1218,Let's Play,Romance,616.9M,9.59
https://www.webtoons.com/en/romance/charming-you/list?title_no=4156,Charming You,Romance,1.4M,8.33
https://www.webtoons.com/en/romance/the-prenup/list?title_no=4006,The Prenup,Romance,3.4M,8.21
https://www.webtoons.com/en/romance/before-we-knew-it/list?title_no=1972,Before We Knew It,Romance,43.5M,8.76
https://www.webtoons.com/en/drama/no-longer-a-heroine/list?title_no=1264,No Longer A Heroine!,Drama,22M,9.36
https://www.webtoons.com/en/drama/back-to-you/list?title_no=2113,Back to You,Drama,33.5M,9.65
https://www.webtoons.com/en/action/neon-revenge/list?title_no=2510,Neon Revenge,Action,11.7M,9.66
https://www.webtoons.com/en/fantasy/watermelon/list?title_no=1435,Watermelon,Fantasy,61.9M,9.8
https://www.webtoons.com/en/action/manager-kim/list?title_no=3917,Manager Kim,Action,2.4M,9.78
https://www.webtoons.com/en/drama/a-whirlwind-campus-affair/list?title_no=4094,A Whirlwind Campus Affair,Drama,2.1M,9.53
https://www.webtoons.com/en/romance/secret-playlist/list?title_no=2395,Secret Playlist,Romance,27.8M,9.62
https://www.webtoons.com/en/sf/housekeeper/list?title_no=3479,Housekeeper,Sci-fi,1M,9.76
https://www.webtoons.com/en/fantasy/blood-of-the-butterfly/list?title_no=3162,The Blood of the Butterfly,Fantasy,9.5M,9.71
https://www.webtoons.com/en/romance/let-me-stay-over-tonight/list?title_no=2683,Let Me Stay Over Tonight!,Romance,10.8M,9.09
https://www.webtoons.com/en/romance/my-reason-to-die/list?title_no=3993,My Reason to Die,Romance,1.7M,9.66
https://www.webtoons.com/en/romance/a-chance-at-last/list?title_no=3909,A Chance At Last,Romance,2.9M,9.81
https://www.webtoons.com/en/tiptoon/drawing-on-heritage/list?title_no=4315,Drawing on Heritage,Informative,"525,727",8.32
https://www.webtoons.com/en/tiptoon/webtoon-now/list?title_no=2025,WEBTOON Now,Informative,43.3M,9.19
https://www.webtoons.com/en/tiptoon/lozolz/list?title_no=1268,ㄴㅇㄹㅇㄴㄹ,Informative,6.5M,8.83
https://www.webtoons.com/en/tiptoon/staying-healthy-together/list?title_no=1963,Staying Healthy Together,Informative,15.6M,9.75
https://www.webtoons.com/en/supernatural/third-shift-society/list?title_no=1703,Third Shift Society,Supernatural,11.1M,9.77
https://www.webtoons.com/en/horror/wolfsbane/list?title_no=1826,Wolfsbane,Horror,1.3M,9.68
https://www.webtoons.com/en/mystery/royale/list?title_no=2748,Royale,Mystery,"502,604",9.49
https://www.webtoons.com/en/horror/stagtown/list?title_no=2532,Stagtown,Horror,8.7M,9.81
https://www.webtoons.com/en/supernatural/la-tenebrosa-evelyne/list?title_no=3182,Evelyne and the Occult,Supernatural,9.2M,9.34
https://www.webtoons.com/en/mystery/betwixt/list?title_no=2962,Betwixt,Mystery,"456,819",9.67
https://www.webtoons.com/en/supernatural/time-and-time-again/list?title_no=3758,Time and Time Again,Supernatural,"445,472",9.46
https://www.webtoons.com/en/mystery/do-you-remember/list?title_no=2882,Do You Remember,Mystery,"492,809",9.02
https://www.webtoons.com/en/thriller/killstagram/list?title_no=1971,#Killstagram,Thriller,40M,9.32
https://www.webtoons.com/en/horror/everything-is-fine/list?title_no=2578,Everything is Fine,Horror,43.3M,9.75
https://www.webtoons.com/en/thriller/shiloh/list?title_no=1649,Shiloh,Thriller,13.6M,9.65
https://www.webtoons.com/en/supernatural/simon-sues/list?title_no=1619,Simon Sues,Supernatural,4.7M,9.14
https://www.webtoons.com/en/mystery/finality/list?title_no=1457,FINALITY,Mystery,"329,820",8.13
https://www.webtoons.com/en/mystery/varsity-noir/list?title_no=1613,Varsity Noir,Mystery,1.3M,9.46
https://www.webtoons.com/en/supernatural/sid/list?title_no=497,S.I.D.,Supernatural,27.2M,9.69
https://www.webtoons.com/en/thriller/hive/list?title_no=65,HIVE,Thriller,66.5M,9.66
https://www.webtoons.com/en/thriller/deep/list?title_no=364,DEEP,Thriller,5.1M,9.12
https://www.webtoons.com/en/thriller/grasp/list?title_no=2854,Grasp,Thriller,2.1M,9.52
https://www.webtoons.com/en/horror/dead-days/list?title_no=293,DEAD DAYS,Horror,15.4M,9.67
https://www.webtoons.com/en/thriller/live-forever/list?title_no=1312,Live Forever,Thriller,9.2M,9.43
https://www.webtoons.com/en/thriller/epilogue/list?title_no=2610,Epilogue,Thriller,1.4M,9.48
https://www.webtoons.com/en/horror/rot-and-ruin/list?title_no=1878,Rot & Ruin,Horror,13.4M,9.59
https://www.webtoons.com/en/thriller/the-cliff/list?title_no=80,The Cliff,Thriller,2.2M,9.32
https://www.webtoons.com/en/horror/beetle-hands/list?title_no=2247,Beetle Hands,Horror,2.6M,9.69
https://www.webtoons.com/en/horror/ghost-teller/list?title_no=1307,Ghost Teller,Horror,52.9M,9.86
https://www.webtoons.com/en/thriller/bite-me/list?title_no=1019,Bite Me,Thriller,35.7M,8.25
https://www.webtoons.com/en/thriller/delusion/list?title_no=2470,Delusion,Thriller,8.7M,9.79
https://www.webtoons.com/en/horror/witch-creek-road/list?title_no=1453,Witch Creek Road,Horror,21.7M,9.4
https://www.webtoons.com/en/thriller/forest-of-humans/list?title_no=2922,Forest of Humans,Thriller,2.8M,9.52
https://www.webtoons.com/en/thriller/rotten/list?title_no=2134,Rotten,Thriller,12.6M,9.68
https://www.webtoons.com/en/horror/elena/list?title_no=484,Elena,Horror,5.6M,9.52
https://www.webtoons.com/en/thriller/shriek/list?title_no=772,Shriek,Thriller,28M,9.75
https://www.webtoons.com/en/thriller/chiller/list?title_no=536,Chiller,Thriller,25.7M,9.61
https://www.webtoons.com/en/thriller/pigpen/list?title_no=2275,PIGPEN,Thriller,15.1M,9.74
https://www.webtoons.com/en/horror/the-vault-of-horror-a-collection-of-nightmares/list?title_no=295,The Vault of Horror: A Collection of Nightmares,Horror,8.6M,8.94
https://www.webtoons.com/en/thriller/all-of-us-are-dead/list?title_no=2810,All of Us Are Dead,Thriller,14.7M,9.28
https://www.webtoons.com/en/horror/distant-sky/list?title_no=75,Distant Sky,Horror,22.5M,9.59
https://www.webtoons.com/en/horror/gremoryland/list?title_no=1893,GremoryLand,Horror,21.8M,9.48
https://www.webtoons.com/en/horror/have-you-any-fear/list?title_no=1197,Have You Any Fear?,Horror,4.6M,8.62
https://www.webtoons.com/en/horror/melvinas-therapy/list?title_no=1021,Melvina's Therapy,Horror,26.8M,9.72
https://www.webtoons.com/en/thriller/ant/list?title_no=3482,ANT,Thriller,1.6M,9.14
https://www.webtoons.com/en/thriller/hell-is-other-people/list?title_no=3176,Hell is Other People,Thriller,4.7M,9.52
https://www.webtoons.com/en/thriller/sweethome/list?title_no=1285,Sweet Home,Thriller,246.5M,9.85
https://www.webtoons.com/en/horror/the-red-book/list?title_no=467,The Red Book,Horror,15.9M,8.88
https://www.webtoons.com/en/thriller/night-of-silence/list?title_no=3765,Night of Silence,Thriller,"515,135",9.15
https://www.webtoons.com/en/thriller/ar-toon/list?title_no=775,Unknown Caller,Thriller,8.6M,9.55
https://www.webtoons.com/en/horror/horang-horror/list?title_no=2185,Horang's Nightmare,Horror,21.1M,9.72
https://www.webtoons.com/en/thriller/fake-humans/list?title_no=3452,Fake Humans,Thriller,1.7M,9.4
https://www.webtoons.com/en/horror/roach/list?title_no=4084,Roach,Horror,"725,652",9.24
https://www.webtoons.com/en/supernatural/eros-conquers-all/list?title_no=3312,Eros Conquers All,Supernatural,1.4M,9.65
https://www.webtoons.com/en/thriller/the-predator/list?title_no=3454,The Predator,Thriller,3.2M,9.44
https://www.webtoons.com/en/thriller/escape-room/list?title_no=1815,Escape Room,Thriller,23.6M,9.66
https://www.webtoons.com/en/horror/tales-of-the-unusual/list?title_no=68,Tales of the Unusual,Horror,150.2M,9.65
https://www.webtoons.com/en/mystery/chasing-tails/list?title_no=3440,Chasing Tails,Mystery,4.9M,9.8
https://www.webtoons.com/en/thriller/disconnected-from-reality/list?title_no=4182,Disconnected from Reality,Thriller,1M,9.5
https://www.webtoons.com/en/horror/the-dummys-dummy/list?title_no=2874,The Dummy's Dummy,Horror,2.3M,9.8
https://www.webtoons.com/en/horror/uriah/list?title_no=1607,Uriah,Horror,22.7M,9.8
https://www.webtoons.com/en/horror/counting-sheep/list?title_no=3795,Counting Sheep,Horror,"401,691",9.37
https://www.webtoons.com/en/thriller/not-even-bones/list?title_no=1756,Not Even Bones,Thriller,109.4M,9.66
https://www.webtoons.com/en/supernatural/im-the-grim-reaper/list?title_no=1697,I'm the Grim Reaper,Supernatural,115.4M,9.79
https://www.webtoons.com/en/supernatural/clinic-of-horrors/list?title_no=3414,Clinic of Horrors,Supernatural,57.9M,9.61
https://www.webtoons.com/en/thriller/homesick/list?title_no=2759,Homesick,Thriller,57M,9.81
https://www.webtoons.com/en/mystery/parallelcity/list?title_no=2053,Parallel City,Mystery,19.2M,9.84
https://www.webtoons.com/en/sf/duty-after-school/list?title_no=370,Duty After School,Sci-fi,6.1M,9.67
https://www.webtoons.com/en/horror/brain-anthology/list?title_no=2207,BRAIN Anthology,Horror,6.1M,9.4
https://www.webtoons.com/en/thriller/hellbound/list?title_no=3598,Hellbound,Thriller,2M,9.32
https://www.webtoons.com/en/sf/harmonia/list?title_no=3253,Harmonia,Sci-fi,"839,715",9.45
https://www.webtoons.com/en/sf/seed/list?title_no=1480,Seed,Sci-fi,26.5M,9.7
https://www.webtoons.com/en/sf/rebirth/list?title_no=1412,Rebirth,Sci-fi,99.3M,9.75
https://www.webtoons.com/en/thriller/never-ending-darling/list?title_no=4212,Never-Ending Darling,Thriller,"636,265",9.74
https://www.webtoons.com/en/super-hero/outrage/list?title_no=1450,Outrage,Superhero,6M,9.35
https://www.webtoons.com/en/super-hero/lavender-jack/list?title_no=1410,Lavender Jack,Superhero,4.9M,9.54
https://www.webtoons.com/en/super-hero/cyberforce/list?title_no=531,Cyberforce,Superhero,1.7M,7.83
https://www.webtoons.com/en/super-hero/the-brooklynite/list?title_no=813,The Brooklynite,Superhero,"651,740",8.99
https://www.webtoons.com/en/super-hero/xinker/list?title_no=541,XINK3R,Superhero,12.9M,9.28
https://www.webtoons.com/en/super-hero/arma/list?title_no=1640,Arma,Superhero,12.1M,9.38
https://www.webtoons.com/en/super-hero/the-fever-king/list?title_no=1659,The Fever King,Superhero,24M,9.56
https://www.webtoons.com/en/super-hero/traveler/list?title_no=3205,Traveler,Superhero,"149,345",7.84
https://www.webtoons.com/en/thriller/hand-jumper/list?title_no=2702,Hand Jumper,Thriller,4M,9.75
https://www.webtoons.com/en/supernatural/soul-on-hold/list?title_no=1701,Soul on Hold,Supernatural,10.3M,9.65
https://www.webtoons.com/en/romance/little-rain/list?title_no=2612,Little Rain,Romance,5.2M,9.83
https://www.webtoons.com/en/romance/phase/list?title_no=2117,Phase,Romance,51.4M,9.56
https://www.webtoons.com/en/romance/brimstone-and-roses/list?title_no=1758,Brimstone and Roses,Romance,32.2M,9.45
https://www.webtoons.com/en/romance/kind-of-confidential/list?title_no=663,Kind of Confidential,Romance,63.5M,9.3
https://www.webtoons.com/en/romance/the-prince-of-southland/list?title_no=2522,The Prince of Southland,Romance,14.7M,9.67
https://www.webtoons.com/en/romance/choco-latte/list?title_no=1691,Choco Latte,Romance,43.6M,9.65
https://www.webtoons.com/en/sf/it-was-all-you/list?title_no=2675,It Was All You,Sci-fi,6.8M,9.51
https://www.webtoons.com/en/horror/survive-romance/list?title_no=2607,Surviving Romance,Horror,26.2M,9.81
https://www.webtoons.com/en/romance/blades-of-furry/list?title_no=2383,Blades of Furry,Romance,28.3M,9.59
https://www.webtoons.com/en/supernatural/mystical/list?title_no=2128,Mystical,Supernatural,25.9M,9.84
https://www.webtoons.com/en/supernatural/shard/list?title_no=960,Shard,Supernatural,13M,9.32
https://www.webtoons.com/en/romance/untouchable/list?title_no=79,unTouchable,Romance,171.7M,9.69
https://www.webtoons.com/en/romance/love-doesnt-talk/list?title_no=2140,Love Doesn't Talk,Romance,15.6M,9.59
https://www.webtoons.com/en/sports/ecstasy-hearts/list?title_no=604,Ecstasy Hearts,Sports,146M,9.02
https://www.webtoons.com/en/sf/eggnoid/list?title_no=1229,Eggnoid,Sci-fi,204.7M,9.65
https://www.webtoons.com/en/romance/miss-abbott-and-the-doctor/list?title_no=707,Miss Abbott and the Doctor,Romance,94.4M,9.81
https://www.webtoons.com/en/supernatural/devil-no-4/list?title_no=1695,Devil Number 4,Supernatural,135.5M,9.77
https://www.webtoons.com/en/romance/ghost-wife/list?title_no=1471,Ghost Wife,Romance,137.4M,9.73
https://www.webtoons.com/en/romance/dating-with-a-tail/list?title_no=1263,Dating With a Tail,Romance,23M,9.4
https://www.webtoons.com/en/thriller/my-deepest-secret/list?title_no=1580,My Deepest Secret,Thriller,189.8M,9.64
https://www.webtoons.com/en/heartwarming/when-the-day-comes/list?title_no=2620,When the Day Comes,Heartwarming,7.5M,9.73
https://www.webtoons.com/en/romance/always-human/list?title_no=557,Always Human,Romance,49M,9.55
https://www.webtoons.com/en/romance/swimming-lessons-for-a-mermaid/list?title_no=1912,Swimming Lessons for a Mermaid,Romance,52.1M,9.74
https://www.webtoons.com/en/romance/freaking-romance/list?title_no=1467,Freaking Romance,Romance,274.1M,9.76
https://www.webtoons.com/en/romance/jumping-over/list?title_no=3238,Jumping Over,Romance,"932,590",8.94
https://www.webtoons.com/en/supernatural/floating-in-my-mind/list?title_no=3485,Floating in My Mind,Supernatural,2.4M,9.42
https://www.webtoons.com/en/romance/opposite-of-always/list?title_no=2743,Opposite of Always,Romance,1.1M,9.49
https://www.webtoons.com/en/romance/flawless/list?title_no=3264,Flawless,Romance,7.2M,9.32
https://www.webtoons.com/en/historical/the-double-agent/list?title_no=3209,The Double Agent,Historical,6.1M,8.95
https://www.webtoons.com/en/supernatural/devilish-romance/list?title_no=2529,Devilish Romance,Supernatural,15.1M,9.49
https://www.webtoons.com/en/romance/the-most-ordinary-girl/list?title_no=4173,The Most Ordinary Girl,Romance,1.3M,9.38
https://www.webtoons.com/en/romance/shadow-bride/list?title_no=2618,Shadow Bride,Romance,14.4M,9.66
https://www.webtoons.com/en/supernatural/of-swamp-and-sea/list?title_no=2736,Of Swamp & Sea,Supernatural,4.6M,9.76
https://www.webtoons.com/en/sf/lovebot/list?title_no=2324,LoveBot,Sci-fi,15.4M,9.38
https://www.webtoons.com/en/romance/half-ghost/list?title_no=2765,Half-Ghost,Romance,10.6M,9.76
https://www.webtoons.com/en/romance/antistalker/list?title_no=2087,AntiSTALKER,Romance,39.3M,9.71
https://www.webtoons.com/en/romance/the-doctors-are-out/list?title_no=1910,The Doctors are Out,Romance,33.7M,9.61
https://www.webtoons.com/en/supernatural/nevermore/list?title_no=2740,Nevermore,Supernatural,3.4M,9.76
https://www.webtoons.com/en/romance/be-my-villain/list?title_no=2728,Be My Villain,Romance,7.4M,9.61
https://www.webtoons.com/en/romance/brass-and-sass/list?title_no=1652,Brass & Sass,Romance,56.4M,9.71
https://www.webtoons.com/en/romance/the-kiss-bet/list?title_no=1617,The Kiss Bet,Romance,101M,9.69
https://www.webtoons.com/en/thriller/school-bus-graveyard/list?title_no=2705,School Bus Graveyard,Thriller,34.1M,9.81
https://www.webtoons.com/en/romance/down-to-earth/list?title_no=1817,Down To Earth,Romance,270.7M,9.81
https://www.webtoons.com/en/slice-of-life/hello-world/list?title_no=827,Hello World!,Slice of life,1.7M,9.12
https://www.webtoons.com/en/slice-of-life/penguin-loves-mev/list?title_no=86,Penguin Loves Mev,Slice of life,5.3M,9.32
https://www.webtoons.com/en/slice-of-life/jingle-jungle/list?title_no=282,Jingle Jungle,Slice of life,"925,641",8.81
https://www.webtoons.com/en/slice-of-life/the-life-of-the-three-bears/list?title_no=390,The Life of the Three Bears,Slice of life,"848,701",8.88
https://www.webtoons.com/en/slice-of-life/just-ask-yuli/list?title_no=402,Just Ask Yuli,Slice of life,"570,149",7.67
https://www.webtoons.com/en/slice-of-life/midnight-rhapsody-season2/list?title_no=365,Midnight Rhapsody : Season 2,Slice of life,2.1M,8.85
https://www.webtoons.com/en/slice-of-life/immortal-nerd/list?title_no=579,Immortal Nerd,Slice of life,3M,7.89
https://www.webtoons.com/en/slice-of-life/all-that-we-hope-to-be/list?title_no=470,All That We Hope to Be,Slice of life,2.3M,9.52
https://www.webtoons.com/en/slice-of-life/roar-street-journal/list?title_no=397,Roar Street Journal,Slice of life,10.6M,9.65
https://www.webtoons.com/en/slice-of-life/midnight-rhapsody/list?title_no=116,Midnight Rhapsody,Slice of life,2.8M,9.15
https://www.webtoons.com/en/slice-of-life/my-kitty-and-old-dog/list?title_no=184,My Kitty and Old Dog,Slice of life,16M,9.66
https://www.webtoons.com/en/slice-of-life/smile-brush-my-old-pictures/list?title_no=302,Smile Brush: My Old Pictures,Slice of life,5.7M,9.69
https://www.webtoons.com/en/tiptoon/cooking-comically/list?title_no=622,Cooking Comically,Informative,5.5M,9.63
https://www.webtoons.com/en/slice-of-life/just-for-kicks/list?title_no=1152,Just for Kicks,Slice of life,27.1M,9.62
https://www.webtoons.com/en/slice-of-life/smile-brush/list?title_no=94,Smile Brush,Slice of life,8.1M,9.58
https://www.webtoons.com/en/tiptoon/illuminated/list?title_no=2813,Illuminated,Informative,"897,333",9.35
https://www.webtoons.com/en/romance/kind-of-love/list?title_no=1850,Kind of Love,Romance,30.4M,9.64
https://www.webtoons.com/en/romance/nevertheless/list?title_no=2647,Nevertheless,Romance,13.9M,9.33
https://www.webtoons.com/en/slice-of-life/small-world/list?title_no=1159,Small World,Slice of life,262.8M,9.53
https://www.webtoons.com/en/tiptoon/sarah-im-sorry-welcome-to-our-galaxy/list?title_no=3665,"Sarah, I'm Sorry:",Informative,1M,8.63
https://www.webtoons.com/en/slice-of-life/our-house/list?title_no=3789,Our House,Slice of life,"929,749",9.29
https://www.webtoons.com/en/romance/rumor-has-it/list?title_no=2967,Rumor Has It,Romance,4.7M,9.72
https://www.webtoons.com/en/slice-of-life/the-dog-diaries/list?title_no=3041,The Dog Diaries,Slice of life,2.2M,9.68
https://www.webtoons.com/en/slice-of-life/its-on/list?title_no=2958,It's On,Slice of life,1.3M,9.77
https://www.webtoons.com/en/romance/marry-me/list?title_no=1951,Marry Me!,Romance,19.1M,9.75
https://www.webtoons.com/en/slice-of-life/to-the-stars-and-back/list?title_no=4047,To The Stars and Back,Slice of life,14.3M,9.57
https://www.webtoons.com/en/slice-of-life/boyfriends/list?title_no=2616,Boyfriends.,Slice of life,289.8M,9.23
https://www.webtoons.com/en/super-hero/backchannel/list?title_no=1456,Backchannel,Superhero,2.1M,9.65
https://www.webtoons.com/en/action/blood-ink/list?title_no=1490,Blood-Ink,Action,49.2M,9.67
https://www.webtoons.com/en/action/covenant/list?title_no=2011,Covenant,Action,14.2M,9.67
https://www.webtoons.com/en/super-hero/urban-animal/list?title_no=1483,Urban Animal,Superhero,32.2M,9.69
https://www.webtoons.com/en/sf/miez/list?title_no=2719,Miez,Sci-fi,"728,160",9.32
https://www.webtoons.com/en/action/island/list?title_no=3923,Island,Action,"482,675",8.98
https://www.webtoons.com/en/action/happiness/list?title_no=4120,Happiness,Action,2.1M,9.34
https://www.webtoons.com/en/super-hero/star-cross/list?title_no=1599,The Red Hook: STARCROSS,Superhero,"265,380",7.11
https://www.webtoons.com/en/super-hero/the-red-hook-blackout/list?title_no=2282,The Red Hook: Blackout & PTSD,Superhero,"205,576",7.18
https://www.webtoons.com/en/super-hero/war-cry/list?title_no=1247,The Red Hook: War Cry,Superhero,"726,620",7.13
https://www.webtoons.com/en/super-hero/the-purple-heart/list?title_no=723,The Purple Heart,Superhero,"921,889",9.03
https://www.webtoons.com/en/super-hero/the-red-hook/list?title_no=643,The Red Hook,Superhero,1.1M,8.07
https://www.webtoons.com/en/sf/ghost-bats/list?title_no=2348,Ghost Bats,Sci-fi,"766,339",9.18
https://www.webtoons.com/en/sf/aphroditeix/list?title_no=1451,Aphrodite IX,Sci-fi,2.3M,8.8
https://www.webtoons.com/en/action/pound/list?title_no=1496,Pound,Action,3.6M,9.12
https://www.webtoons.com/en/supernatural/jackie-rose/list?title_no=613,Jackie Rose,Supernatural,3.9M,9.6
https://www.webtoons.com/en/super-hero/the-bad-guys/list?title_no=701,The Badguys,Superhero,5.8M,9.42
https://www.webtoons.com/en/sf/bloodless-wars/list?title_no=1622,Bloodless Wars,Sci-fi,4.3M,9.3
https://www.webtoons.com/en/supernatural/sword-interval/list?title_no=486,Sword Interval,Supernatural,23.1M,9.63
https://www.webtoons.com/en/super-hero/sidekicks/list?title_no=92,SIDEKICKS,Superhero,18.4M,9.39
https://www.webtoons.com/en/sf/pacific-rim-amara/list?title_no=1327,Pacific Rim: Amara,Sci-fi,1.7M,9.17
https://www.webtoons.com/en/sf/nano-list/list?title_no=700,Nano List,Sci-fi,56M,9.81
https://www.webtoons.com/en/super-hero/supersonic-girl/list?title_no=633,Supersonic Girl,Superhero,12.4M,9.1
https://www.webtoons.com/en/super-hero/samadhi/list?title_no=3049,SAMADHI,Superhero,4.8M,9.47
https://www.webtoons.com/en/super-hero/eternals-500-year-war/list?title_no=3916,Eternals: The 500 Year War,Superhero,"937,025",7.35
https://www.webtoons.com/en/horror/zombie-ship/list?title_no=3350,Zombie Ship,Horror,2M,6.72
https://www.webtoons.com/en/action/the-retreats/list?title_no=3792,The Retreats,Action,"300,548",9.37
https://www.webtoons.com/en/sf/r-x-rayer-hunter/list?title_no=3480,R-X: RAYER HUNTER,Sci-fi,"905,199",8.24
https://www.webtoons.com/en/sf/machine-uprising/list?title_no=4152,Machine Uprising,Sci-fi,"447,232",9.39
https://www.webtoons.com/en/mystery/locker-opener/list?title_no=2515,Locker & Opener,Mystery,3.1M,9.55
https://www.webtoons.com/en/sports/taekwondo-kid/list?title_no=3310,Taekwondo Kid,Sports,1.8M,9.4
https://www.webtoons.com/en/supernatural/spirit-hunter/list?title_no=3185,Spirit Hunter,Supernatural,2.3M,9.62
https://www.webtoons.com/en/action/hundred/list?title_no=3766,100,Action,1.2M,9.2
https://www.webtoons.com/en/action/reawaken-man/list?title_no=3173,REAWAKENED MAN,Action,4M,9.49
https://www.webtoons.com/en/action/the-eagle-and-the-snake/list?title_no=2819,The Eagle and the Snake,Action,2.2M,9.65
https://www.webtoons.com/en/action/darbi/list?title_no=1098,Darbi,Action,35M,9.53
https://www.webtoons.com/en/action/tacit/list?title_no=3178,TACIT,Action,3.9M,9.7
https://www.webtoons.com/en/sf/room-of-swords/list?title_no=1261,Room of Swords,Sci-fi,67.6M,9.78
https://www.webtoons.com/en/sf/straylight-tiger/list?title_no=2807,Straylight Tiger,Sci-fi,2.2M,9.48
https://www.webtoons.com/en/sports/no-scope/list?title_no=1572,No Scope,Sports,59.7M,9.75
https://www.webtoons.com/en/sf/the-last-dimension/list?title_no=3174,The Last Dimension,Sci-fi,1.4M,9.75
https://www.webtoons.com/en/sports/infinity/list?title_no=3451,Infinity,Sports,1.4M,9.65
https://www.webtoons.com/en/supernatural/killmax/list?title_no=1894,KILLMAX,Supernatural,11.7M,9.02
https://www.webtoons.com/en/action/blade-of-the-phantom-master/list?title_no=3481,Blade of the Phantom Master,Action,"560,912",8.2
https://www.webtoons.com/en/action/cloud-walker/list?title_no=2730,Cloud Walker,Action,3.5M,9.43
https://www.webtoons.com/en/sports/hanlim-gym/list?title_no=2850,Hanlim Gym,Sports,6.7M,9.46
https://www.webtoons.com/en/sports/double-click/list?title_no=3669,Double Click,Sports,4M,9.7
https://www.webtoons.com/en/super-hero/vixen-nyc/list?title_no=4169,Vixen: NYC,Superhero,"475,307",9.37
https://www.webtoons.com/en/sports/wind-breaker/list?title_no=372,Wind Breaker,Sports,307.1M,9.91
https://www.webtoons.com/en/historical/return-of-the-mad-demon/list?title_no=3671,Return of the Mad Demon,Historical,4.8M,9.8
https://www.webtoons.com/en/sf/city-of-blank/list?title_no=1895,City of Blank,Sci-fi,31.1M,9.7
https://www.webtoons.com/en/action/return-of-the-blossoming-blade/list?title_no=2849,Return of the Blossoming Blade,Action,12.6M,9.87
https://www.webtoons.com/en/action/the-gamer/list?title_no=88,The Gamer,Action,428.7M,9.61
https://www.webtoons.com/en/thriller/death-rescheduled/list?title_no=3515,Death: Rescheduled,Thriller,13.6M,9.54
https://www.webtoons.com/en/sports/the-boxer/list?title_no=2027,The Boxer,Sports,157.4M,9.86
https://www.webtoons.com/en/super-hero/unordinary/list?title_no=679,unOrdinary,Superhero,1.1B,9.75
https://www.webtoons.com/en/comedy/not-so-shoujo-love-story/list?title_no=2189,Not So Shoujo Love Story,Comedy,31.7M,9.72
https://www.webtoons.com/en/slice-of-life/deadlove/list?title_no=2460,Deadlove,Slice of life,2M,9.19
https://www.webtoons.com/en/romance/her-mannequin/list?title_no=2875,Her Mannequin,Romance,3.9M,9.3
https://www.webtoons.com/en/comedy/mage-and-demon-queen/list?title_no=1438,Mage & Demon Queen,Comedy,309.2M,9.78
https://www.webtoons.com/en/romance/lmly/list?title_no=2700,LMLY,Romance,7.9M,9.52
https://www.webtoons.com/en/comedy/love-advice/list?title_no=1498,Love Advice from the Great Duke of Hell,Comedy,112M,9.82
https://www.webtoons.com/en/comedy/super-awkward-man/list?title_no=2972,Super Awkward Man,Comedy,1.1M,9.5
https://www.webtoons.com/en/comedy/gecko-chan/list?title_no=2717,Gecko Chan,Comedy,2.9M,9.17
https://www.webtoons.com/en/supernatural/blacksmith/list?title_no=3341,BlackSmith,Supernatural,1.1M,9.63
https://www.webtoons.com/en/slice-of-life/pigminted/list?title_no=482,Pigminted,Slice of life,4M,8.74
https://www.webtoons.com/en/slice-of-life/nicholalala/list?title_no=418,Nicholalala,Slice of life,3M,8.99
https://www.webtoons.com/en/comedy/epic-v/list?title_no=353,Epic V,Comedy,"552,699",5.79
https://www.webtoons.com/en/comedy/tickle-town/list?title_no=428,Tickle Town,Comedy,2.7M,6.59
https://www.webtoons.com/en/slice-of-life/lars/list?title_no=358,Lars,Slice of life,8.5M,8.53
https://www.webtoons.com/en/sports/eat-fighter/list?title_no=1460,Eat Fighter,Sports,1M,5.41
https://www.webtoons.com/en/comedy/new-life-project/list?title_no=279,New Life Project,Comedy,1.8M,8.4
https://www.webtoons.com/en/slice-of-life/lunarbaboon/list?title_no=523,Lunarbaboon,Slice of life,65.9M,9.66
https://www.webtoons.com/en/super-hero/cyko-ko/list?title_no=560,Cyko-KO,Superhero,"243,811",7.38
https://www.webtoons.com/en/comedy/polidiocy/list?title_no=676,Polidiocy,Comedy,1.7M,7.19
https://www.webtoons.com/en/comedy/3-second-strip/list?title_no=380,3-Second Strip,Comedy,16.1M,8.52
https://www.webtoons.com/en/slice-of-life/cluster-fudge/list?title_no=355,Cluster Fudge,Slice of life,5.1M,8.55
https://www.webtoons.com/en/comedy/buzzfeed-comics/list?title_no=585,BuzzFeed Comics,Comedy,19.6M,5.64
https://www.webtoons.com/en/comedy/the-danemen/list?title_no=395,The DaneMen,Comedy,8.5M,9.07
https://www.webtoons.com/en/comedy/randomphilia/list?title_no=386,RANDOMPHILIA,Comedy,18.1M,9.41
https://www.webtoons.com/en/slice-of-life/up-and-out/list?title_no=488,Up and Out ,Slice of life,10.6M,8.87
https://www.webtoons.com/en/slice-of-life/national-dog-day/list?title_no=747,National Dog Day 2016,Slice of life,2.9M,9.55
https://www.webtoons.com/en/slice-of-life/a-bittersweet-life/list?title_no=294,A Bittersweet Life,Slice of life,6.6M,9.32
https://www.webtoons.com/en/slice-of-life/average-adventures-of-an-average-girl/list?title_no=401,Average Adventures of an Average Girl,Slice of life,9.5M,9.28
https://www.webtoons.com/en/comedy/trash-bird/list?title_no=473,Trash Bird,Comedy,13.2M,9.54
https://www.webtoons.com/en/slice-of-life/doodle-for-food/list?title_no=487,Doodle for Food,Slice of life,53.1M,9.44
https://www.webtoons.com/en/comedy/moon-beard/list?title_no=471,MOONBEARD,Comedy,8M,9.26
https://www.webtoons.com/en/comedy/the-sound-of-your-heart/list?title_no=269,The Sound of Your Heart,Comedy,30.4M,9.56
https://www.webtoons.com/en/slice-of-life/mercworks/list?title_no=426,MercWorks,Slice of life,8.9M,9.13
https://www.webtoons.com/en/comedy/the-gentlemans-armchair/list?title_no=469,The Gentleman’s Armchair,Comedy,6.1M,8.91
https://www.webtoons.com/en/slice-of-life/girls-have-a-blog/list?title_no=1052,Girls Have a Blog,Slice of life,6.3M,9.18
https://www.webtoons.com/en/super-hero/i-dont-want-this-kind-of-hero/list?title_no=98,I Don't Want This Kind of Hero,Superhero,39.7M,9.74
https://www.webtoons.com/en/comedy/dustinteractive/list?title_no=907,dustinteractive,Comedy,102.9M,9.34
https://www.webtoons.com/en/comedy/1111-animals/list?title_no=437,1111 Animals,Comedy,6.9M,8.9
https://www.webtoons.com/en/sports/skate-fire-100/list?title_no=1674,Skate!!! Fire 100,Sports,2.1M,9.63
https://www.webtoons.com/en/comedy/behind-the-gifs/list?title_no=658,Behind the GIFs,Comedy,114.8M,9.49
https://www.webtoons.com/en/supernatural/apocalyptic-horseplay/list?title_no=635,Apocalyptic Horseplay,Supernatural,15.8M,9.73
https://www.webtoons.com/en/slice-of-life/lorna/list?title_no=1284,Lorna,Slice of life,4M,8.45
https://www.webtoons.com/en/slice-of-life/how-to-love/list?title_no=472,How to Love,Slice of life,11.1M,9.51
https://www.webtoons.com/en/sf/moonyou/list?title_no=1340,Moon You,Sci-fi,7M,9.71
https://www.webtoons.com/en/slice-of-life/illusions-of-adulting/list?title_no=922,Illusions of Adulting,Slice of life,4.7M,5.93
https://www.webtoons.com/en/slice-of-life/as-per-usual/list?title_no=599,As Per Usual,Slice of life,114.7M,9.42
https://www.webtoons.com/en/slice-of-life/its-a-budgies-life/list?title_no=985,A Budgie's Life,Slice of life,67M,9.79
https://www.webtoons.com/en/comedy/library-ghost/list?title_no=220,Library Ghost,Comedy,7.6M,8.77
https://www.webtoons.com/en/slice-of-life/waffles-and-pancakes/list?title_no=1310,Waffles & Pancakes,Slice of life,69.8M,9.61
https://www.webtoons.com/en/comedy/hapi-buni/list?title_no=362,HAPI BUNI,Comedy,46.4M,9.52
https://www.webtoons.com/en/comedy/meow-man/list?title_no=1677,Meow Man,Comedy,29.5M,9.69
https://www.webtoons.com/en/romance/warning-label/list?title_no=1051,Warning Label,Romance,6.9M,8.95
https://www.webtoons.com/en/slice-of-life/saphie-one-eyed-cat/list?title_no=670,Saphie: The One-Eyed Cat,Slice of life,146.9M,9.8
https://www.webtoons.com/en/slice-of-life/my-name-is-benny/list?title_no=1279,My Name is Benny,Slice of life,36.7M,9.73
https://www.webtoons.com/en/comedy/10th-dimension-boys/list?title_no=71,10th Dimension Boys,Comedy,28.6M,9.34
https://www.webtoons.com/en/romance/cinnamonroll/list?title_no=2226,CinnamonRoll,Romance,7.7M,8.79
https://www.webtoons.com/en/slice-of-life/murrz/list?title_no=1281,Murrz,Slice of life,229.7M,9.66
https://www.webtoons.com/en/slice-of-life/cat-loaf-adventures/list?title_no=1381,Cat Loaf Adventures,Slice of life,23.1M,9.59
https://www.webtoons.com/en/comedy/my-daughter-is-a-zombie/list?title_no=2190,My Daughter is a Zombie,Comedy,20.3M,9.67
https://www.webtoons.com/en/sf/matchmaker-hero/list?title_no=1569,Matchmaker Hero,Sci-fi,10.7M,9.46
https://www.webtoons.com/en/supernatural/undeaded/list?title_no=468,UndeadEd,Supernatural,26.8M,9.69
https://www.webtoons.com/en/comedy/rewriting-extinction/list?title_no=3648,Rewriting Extinction,Comedy,1.6M,9.71
https://www.webtoons.com/en/comedy/illustrated-internet/list?title_no=750,Illustrated Internet,Comedy,12.7M,9.05
https://www.webtoons.com/en/comedy/toaster-dude/list?title_no=1983,Toaster Dude,Comedy,27.7M,9.77
https://www.webtoons.com/en/comedy/brutally-honest/list?title_no=799,Brutally Honest,Comedy,22.9M,9.47
https://www.webtoons.com/en/comedy/axed/list?title_no=1558,AXED,Comedy,35.7M,9.64
https://www.webtoons.com/en/romance/our-beloved-summer/list?title_no=3666,Our Beloved Summer,Romance,4.8M,9.82
https://www.webtoons.com/en/slice-of-life/boo-its-sex/list?title_no=1413,BOO! It's Sex,Slice of life,86.3M,8.84
https://www.webtoons.com/en/comedy/meow-rangers/list?title_no=3273,Meow Rangers,Comedy,"920,880",9.34
https://www.webtoons.com/en/action/killer-bang-the-first-kill/list?title_no=4174,Killer Bang: The First Kill,Action,"555,466",9.06
https://www.webtoons.com/en/romance/til-debt-do-us-part/list?title_no=3115,'Til Debt Do Us Part,Romance,11.9M,9.71
https://www.webtoons.com/en/sports/plum/list?title_no=1605,Plum,Sports,6M,9.57
https://www.webtoons.com/en/comedy/vibe-check/list?title_no=2724,Vibe Check!,Comedy,1.7M,9.55
https://www.webtoons.com/en/comedy/my-dictator-boyfriend/list?title_no=1391,My Dictator Boyfriend,Comedy,44.2M,9.02
https://www.webtoons.com/en/action/monochrome/list?title_no=2884,MONOCHROME,Action,1.9M,9.35
https://www.webtoons.com/en/comedy/the-hip-guy/list?title_no=2577,The Hip Guy,Comedy,7.5M,9.25
https://www.webtoons.com/en/comedy/cat-got-your-tongue/list?title_no=3362,Cat Got Your Tongue,Comedy,"751,119",8.78
https://www.webtoons.com/en/romance/my-irresistible-ex/list?title_no=3348,My Irresistible Ex,Romance,5M,7.95
https://www.webtoons.com/en/slice-of-life/carl/list?title_no=1216,CARL,Slice of life,48.9M,9.77
https://www.webtoons.com/en/sports/the-build-up/list?title_no=2712,The Build Up,Sports,8M,9.78
https://www.webtoons.com/en/comedy/cat-vs-dog/list?title_no=2961,Cat vs. Dog,Comedy,4.5M,9.36
https://www.webtoons.com/en/romance/daily-jojo/list?title_no=3335,Daily JoJo,Romance,4.5M,9.76
https://www.webtoons.com/en/comedy/live-with-yourself/list?title_no=919,Live with Yourself!,Comedy,112.9M,9.75
https://www.webtoons.com/en/comedy/andy-bass/list?title_no=2284,Andy Bass,Comedy,10.4M,9.34
https://www.webtoons.com/en/comedy/finding-fiends/list?title_no=2756,Finding Fiends,Comedy,3.6M,9.76
https://www.webtoons.com/en/romance/my-younger-brothers-friend/list?title_no=3163,My Younger Brother's Friend,Romance,9.5M,9.41
https://www.webtoons.com/en/romance/match-made-in-hell/list?title_no=2741,Match Made in Hell,Romance,6.5M,9.49
https://www.webtoons.com/en/comedy/safely-endangered/list?title_no=352,Safely Endangered,Comedy,381.4M,9.56
https://www.webtoons.com/en/slice-of-life/hyperfocus/list?title_no=3340,Hyperfocus,Slice of life,9.5M,9.43
https://www.webtoons.com/en/slice-of-life/bluechair/list?title_no=199,Bluechair,Slice of life,516.2M,9.72
https://www.webtoons.com/en/comedy/adventures-of-god/list?title_no=853,Adventures of God,Comedy,429.7M,9.43
https://www.webtoons.com/en/romance/so-i-married-the-antifan/list?title_no=2739,So I Married the Anti-Fan,Romance,21.1M,9.46
https://www.webtoons.com/en/romance/romance-101/list?title_no=2406,Romance 101,Romance,39.7M,9.84
https://www.webtoons.com/en/comedy/rooftops-and-roommates/list?title_no=2576,Rooftops & Roommates,Comedy,29M,9.49
https://www.webtoons.com/en/romance/your-smile-is-a-trap/list?title_no=2052,Your Smile is a Trap,Romance,50.2M,9.78
https://www.webtoons.com/en/romance/can-i-take-it-back/list?title_no=4355,Can I Take It Back?,Romance,"568,465",9.76
https://www.webtoons.com/en/romance/maid-for-hire/list?title_no=2725,Maid for Hire,Romance,13.7M,9.38
https://www.webtoons.com/en/slice-of-life/my-giant-nerd-boyfriend/list?title_no=958,My Giant Nerd Boyfriend,Slice of life,713.2M,9.73
https://www.webtoons.com/en/comedy/high-class-homos/list?title_no=2723,High Class Homos,Comedy,55.1M,9.35
https://www.webtoons.com/en/slice-of-life/batman-wayne-family-adventures/list?title_no=3180,Batman: Wayne Family,Slice of life,45M,9.76
https://www.webtoons.com/en/supernatural/lalins-curse/list?title_no=1601,Lalin's Curse,Supernatural,30.3M,9.86
https://www.webtoons.com/en/supernatural/the-red-king/list?title_no=1687,The Red King,Supernatural,26.5M,9.75
https://www.webtoons.com/en/fantasy/empyrea/list?title_no=1407,EMPYREA,Fantasy,27.1M,9.75
https://www.webtoons.com/en/fantasy/the-witch-and-the-bull/list?title_no=1892,The Witch and The Bull,Fantasy,50.9M,9.78
https://www.webtoons.com/en/fantasy/hooves-of-death/list?title_no=1535,Hooves of Death,Fantasy,21.5M,9.44
https://www.webtoons.com/en/fantasy/athena-complex/list?title_no=867,Athena Complex,Fantasy,41.9M,9.54
https://www.webtoons.com/en/comedy/cursed-princess-club/list?title_no=1537,Cursed Princess Club,Comedy,235.2M,9.81
https://www.webtoons.com/en/comedy/trailer-park-warlock/list?title_no=1512,Trailer Park Warlock,Comedy,5.7M,9.31
https://www.webtoons.com/en/romance/act-like-you-love-me/list?title_no=2521,Act Like You Love Me!,Romance,34.6M,9.79
https://www.webtoons.com/en/fantasy/7fates-chakho/list?title_no=3784,7FATES: CHAKHO,Fantasy,25.1M,9.87
https://www.webtoons.com/en/fantasy/dark-moon-the-blood-altar/list?title_no=3785,DARK MOON:,Fantasy,14.1M,9.85
https://www.webtoons.com/en/fantasy/castle-swimmer/list?title_no=1499,Castle Swimmer,Fantasy,228M,9.84
https://www.webtoons.com/en/fantasy/the-star-seekers/list?title_no=3786,THE STAR SEEKERS,Fantasy,4.5M,9.83
https://www.webtoons.com/en/comedy/everywhere-and-nowhere/list?title_no=1598,Everywhere & Nowhere,Comedy,96.3M,9.58
https://www.webtoons.com/en/fantasy/lady-knight/list?title_no=2727,Lady Knight,Fantasy,6.3M,9.74
https://www.webtoons.com/en/fantasy/skye/list?title_no=2234,Skye,Fantasy,3.7M,9.64
https://www.webtoons.com/en/action/im-the-max-level-newbie/list?title_no=3915,I'm the Max-Level Newbie,Action,10M,9.16
https://www.webtoons.com/en/action/deadlife/list?title_no=3922,Deadlife,Action,2.9M,9.47
https://www.webtoons.com/en/fantasy/promise-of-an-orchid/list?title_no=4015,Promise of an Orchid,Fantasy,3.1M,9.62
https://www.webtoons.com/en/romance/a-heart-for-the-emperor/list?title_no=4269,A Heart for the Emperor,Romance,2.1M,6.57
https://www.webtoons.com/en/supernatural/acursian/list?title_no=1452,Acursian,Supernatural,"553,146",7.23
https://www.webtoons.com/en/sf/cyberbunk/list?title_no=466,Cyberbunk,Sci-fi,3M,8.64
https://www.webtoons.com/en/sf/knight-run/list?title_no=67,Knight Run,Sci-fi,4.6M,9.31
https://www.webtoons.com/en/comedy/aura-from-another-planet/list?title_no=369,Aura from Another Planet,Comedy,4.7M,9.24
https://www.webtoons.com/en/super-hero/inarime/list?title_no=675,Inarime,Superhero,2.8M,8.85
https://www.webtoons.com/en/fantasy/spirits-re/list?title_no=1348,Spirits,Fantasy,1.6M,9.17
https://www.webtoons.com/en/sf/fantasy-sketch/list?title_no=1020,Fantasy Sketch - The Game,Sci-fi,1.6M,8.79
https://www.webtoons.com/en/fantasy/shadow-pirates/list?title_no=1455,Shadow Pirates,Fantasy,"622,152",9.2
https://www.webtoons.com/en/fantasy/rob/list?title_no=2479,ROB,Fantasy,"499,127",8.77
https://www.webtoons.com/en/supernatural/firebrand/list?title_no=877,Firebrand,Supernatural,4.9M,8.92
https://www.webtoons.com/en/sf/guardians-of-the-video-game/list?title_no=368,Guardians of the Video Game,Sci-fi,6.4M,9.13
https://www.webtoons.com/en/fantasy/magician/list?title_no=70,Magician,Fantasy,39.6M,9.68
https://www.webtoons.com/en/fantasy/soul-cartel/list?title_no=72,SOUL CARTEL,Fantasy,31.1M,9.7
https://www.webtoons.com/en/action/one-thousand/list?title_no=1217,1000,Action,1.5M,8.99
https://www.webtoons.com/en/fantasy/helios-femina/list?title_no=638,Helios:Femina,Fantasy,9.7M,8.73
https://www.webtoons.com/en/fantasy/ghosts-over-wild-flowers/list?title_no=718,Ghosts Among the Wild Flowers,Fantasy,6.6M,9.6
https://www.webtoons.com/en/sf/falling-in-the-blue/list?title_no=2291,Falling in the Blue,Sci-fi,"934,146",9.3
https://www.webtoons.com/en/action/lessa-2/list?title_no=507,LESSA 2 - The Crimson Knight,Action,15.5M,9.79
https://www.webtoons.com/en/fantasy/dice/list?title_no=64,DICE,Fantasy,198.8M,9.29
https://www.webtoons.com/en/sf/dents/list?title_no=671,Dents,Sci-fi,12.4M,9.47
https://www.webtoons.com/en/fantasy/messenger/list?title_no=1382,Messenger,Fantasy,5.6M,9.25
https://www.webtoons.com/en/action/lessa/list?title_no=89,LESSA,Action,11.6M,9.73
https://www.webtoons.com/en/supernatural/underprin/list?title_no=78,UnderPrin,Supernatural,62.4M,9.27
https://www.webtoons.com/en/sf/flowar/list?title_no=2403,FLOWAR,Sci-fi,1.9M,9.48
https://www.webtoons.com/en/comedy/dont-hate/list?title_no=1574,DON'T HATE,Comedy,36.5M,9.36
https://www.webtoons.com/en/fantasy/the-wendybird/list?title_no=2546,The Wendybird,Fantasy,4.4M,8.84
https://www.webtoons.com/en/supernatural/rise-from-ashes/list?title_no=959,Rise from Ashes,Supernatural,50.8M,9.7
https://www.webtoons.com/en/action/microhunter/list?title_no=2320,microHUNTER,Action,20.6M,9.51
https://www.webtoons.com/en/action/gosu/list?title_no=1099,GOSU,Action,92.9M,9.85
https://www.webtoons.com/en/fantasy/april-flowers/list?title_no=1363,April Flowers,Fantasy,15.9M,9.47
https://www.webtoons.com/en/fantasy/strawberry-seafoam/list?title_no=1248,Strawberry Seafoam,Fantasy,26.2M,9.28
https://www.webtoons.com/en/action/brothersbond/list?title_no=1458,Brothers Bond,Action,2.1M,9.03
https://www.webtoons.com/en/fantasy/hellper/list?title_no=185,Hellper,Fantasy,23.4M,9.74
https://www.webtoons.com/en/fantasy/the-girl-who-sees-smells/list?title_no=2559,The Girl Who Sees Smells,Fantasy,5M,9.36
https://www.webtoons.com/en/fantasy/dragnarok-descendants/list?title_no=1433,Dragnarok: Descendants,Fantasy,5.6M,9.34
https://www.webtoons.com/en/comedy/your-adventure/list?title_no=506,Your Adventure,Comedy,3.5M,9.15
https://www.webtoons.com/en/fantasy/flow/list?title_no=101,Flow,Fantasy,65M,9.75
https://www.webtoons.com/en/fantasy/elf-and-warrior/list?title_no=908,Elf & Warrior,Fantasy,27.6M,9.68
https://www.webtoons.com/en/fantasy/catharsis/list?title_no=396,Catharsis,Fantasy,60.5M,9.56
https://www.webtoons.com/en/romance/orange-marmalade/list?title_no=97,ORANGE MARMALADE,Romance,126.9M,9.67
https://www.webtoons.com/en/fantasy/refundhighschool/list?title_no=1360,Refund High School,Fantasy,133.4M,9.75
https://www.webtoons.com/en/fantasy/newman/list?title_no=405,Newman,Fantasy,43M,9.73
https://www.webtoons.com/en/romance/for-the-sake-of-sita/list?title_no=349,For the Sake of Sita,Romance,8.9M,9.53
https://www.webtoons.com/en/slice-of-life/snailogy/list?title_no=387,Snailogy,Slice of life,34M,9.43
https://www.webtoons.com/en/action/noblesse/list?title_no=87,Noblesse,Action,425.1M,9.77
https://www.webtoons.com/en/supernatural/fluffy-boyfriend/list?title_no=1164,Fluffy Boyfriend,Supernatural,92.7M,9.11
https://www.webtoons.com/en/fantasy/the-wrath-and-the-dawn/list?title_no=1772,The Wrath & the Dawn,Fantasy,70.6M,9.55
https://www.webtoons.com/en/fantasy/phantom-paradise/list?title_no=1250,Phantom Paradise,Fantasy,43.4M,9.48
https://www.webtoons.com/en/romance/super-secret/list?title_no=666,Super Secret,Romance,209.9M,9.83
https://www.webtoons.com/en/sf/mosquito-wars/list?title_no=2404,Mosquito Wars,Sci-fi,5.2M,9.61
https://www.webtoons.com/en/romance/my-universe/list?title_no=3113,My Universe,Romance,7.8M,9.3
https://www.webtoons.com/en/action/hardcore-leveling-warrior/list?title_no=1221,Hardcore Leveling Warrior,Action,226.5M,9.76
https://www.webtoons.com/en/fantasy/steam-dragon-express/list?title_no=1270,The Steam Dragon Express,Fantasy,31.7M,9.64
https://www.webtoons.com/en/comedy/wolf-and-red-riding-hood/list?title_no=2142,The Wolf & Red Riding Hood,Comedy,34M,9.61
https://www.webtoons.com/en/mystery/the-wolfman-of-wulvershire/list?title_no=1784,The Wolfman of Wulvershire,Mystery,15.3M,9.55
https://www.webtoons.com/en/action/noblesse-spin-off/list?title_no=608,Noblesse: Rai's Adventure,Action,7.8M,9.83
https://www.webtoons.com/en/romance/crumbs/list?title_no=1648,Crumbs,Romance,12.2M,9.7
https://www.webtoons.com/en/thriller/fast-forward/list?title_no=2764,Fast Forward,Thriller,5.3M,9.63
https://www.webtoons.com/en/fantasy/trump/list?title_no=84,Trump,Fantasy,26.5M,9.54
https://www.webtoons.com/en/fantasy/aerial-magic/list?title_no=1358,Aerial Magic,Fantasy,16.3M,9.68
https://www.webtoons.com/en/action/cape-of-spirits/list?title_no=1559,Cape of Spirits,Action,21.7M,9.48
https://www.webtoons.com/en/romance/sirens-lament/list?title_no=632,Siren's Lament,Romance,433.3M,9.75
https://www.webtoons.com/en/fantasy/finding-wonderland/list?title_no=2704,Finding Wonderland,Fantasy,5.5M,9.51
https://www.webtoons.com/en/fantasy/supercasting-bts/list?title_no=3788,WEBTOON x BTS,Fantasy,10.1M,9.72
https://www.webtoons.com/en/fantasy/eyes/list?title_no=3386,Eyes,Fantasy,"647,472",9.72
https://www.webtoons.com/en/action/sarimin/list?title_no=3247,Tales of Sarimin the Jinn,Action,1.1M,9.55
https://www.webtoons.com/en/sf/denma/list?title_no=921,Denma,Sci-fi,24.8M,8.95
https://www.webtoons.com/en/fantasy/kubera/list?title_no=83,Kubera,Fantasy,50.5M,9.7
https://www.webtoons.com/en/action/hwarang/list?title_no=3911,Hwarang: Flower Knights of the Underworld,Action,"540,162",9.2
https://www.webtoons.com/en/action/ganda-night-defender/list?title_no=4116,GANDA: Night Defender,Action,"169,303",9.74
https://www.webtoons.com/en/fantasy/tenants-from-another-world/list?title_no=3042,Tenants from Another World,Fantasy,3M,9.03
https://www.webtoons.com/en/fantasy/cydonia-shattering/list?title_no=2881,Cydonia Shattering,Fantasy,"733,462",8.71
https://www.webtoons.com/en/fantasy/vampire-magicka/list?title_no=2963,Vampire Magicka,Fantasy,"577,746",8.54
https://www.webtoons.com/en/fantasy/the-fabled-warrior/list?title_no=3179,The Fabled Warrior,Fantasy,2.7M,9.24
https://www.webtoons.com/en/fantasy/zero-game/list?title_no=1704,Zero Game,Fantasy,23.6M,9.72
https://www.webtoons.com/en/fantasy/good-luck-hero/list?title_no=3346,"Good Luck, Hero!",Fantasy,1.8M,9.48
https://www.webtoons.com/en/comedy/unlucky-is-as-lucky-does/list?title_no=1554,Unlucky is as Lucky does,Comedy,24.5M,9.66
https://www.webtoons.com/en/fantasy/the-wildlands/list?title_no=2831,The Wildlands,Fantasy,"759,436",9.41
https://www.webtoons.com/en/fantasy/protect-the-knight/list?title_no=3384,Protect the Knight,Fantasy,2.1M,9.69
https://www.webtoons.com/en/fantasy/neolithic-girl/list?title_no=2851,Neolithic Girl,Fantasy,5.2M,9.35
https://www.webtoons.com/en/fantasy/atelier-on-the-sunflower-hill/list?title_no=2883,Atelier on the Sunflower Hill,Fantasy,1.8M,9.28
https://www.webtoons.com/en/action/psychic-studies/list?title_no=3907,Psychic Studies,Action,1.2M,8.79
https://www.webtoons.com/en/fantasy/prince-maker/list?title_no=3263,Prince Maker,Fantasy,2.6M,9.59
https://www.webtoons.com/en/action/king-of-the-east/list?title_no=4081,King of the East,Action,"918,575",9.54
https://www.webtoons.com/en/fantasy/once-a-hero/list?title_no=3211,Once a Hero,Fantasy,4.2M,9.48
https://www.webtoons.com/en/fantasy/ninas-magic-chest/list?title_no=4077,Nina's Magic Chest,Fantasy,1.1M,8.81
https://www.webtoons.com/en/fantasy/the-crimson-blade/list?title_no=4010,The Crimson Blade,Fantasy,1.3M,9.42
https://www.webtoons.com/en/fantasy/the-monsters-bride/list?title_no=3336,The Monster's Bride,Fantasy,3.3M,9.66
https://www.webtoons.com/en/fantasy/legends-of-silica/list?title_no=4316,Legends of Silica,Fantasy,"474,532",9.24
https://www.webtoons.com/en/romance/love-falls-like-rain/list?title_no=2856,Love Falls Like Rain,Romance,3.2M,9.56
https://www.webtoons.com/en/fantasy/warrior-executioner/list?title_no=3966,Warrior Executioner,Fantasy,"590,195",9.2
https://www.webtoons.com/en/fantasy/anti-monster-force/list?title_no=2970,Anti-Monster Force,Fantasy,3.3M,9.35
https://www.webtoons.com/en/fantasy/stray-souls/list?title_no=2018,Stray Souls,Fantasy,13.8M,9.76
https://www.webtoons.com/en/romance/religiously-gay/list?title_no=2746,Religiously Gay,Romance,1.2M,5.93
https://www.webtoons.com/en/comedy/just-pancakes/list?title_no=1651,Just Pancakes,Comedy,19.6M,9.65
https://www.webtoons.com/en/romance/my-roommate-is-a-gumiho/list?title_no=2611,My Roommate is a Gumiho,Romance,13.7M,9.62
https://www.webtoons.com/en/action/the-last-golden-child/list?title_no=3353,The Last Golden Child,Action,2.5M,9.63
https://www.webtoons.com/en/comedy/smity-and-majesty/list?title_no=2706,Smity and Majesty,Comedy,3.8M,9.47
https://www.webtoons.com/en/action/warrior-of-the-wild/list?title_no=2701,Warrior of the Wild,Action,2.4M,9.47
https://www.webtoons.com/en/fantasy/how-to-survive-a-romance-fantasy/list?title_no=2855,How to Survive a Romance Fantasy,Fantasy,7.8M,9.37
https://www.webtoons.com/en/action/ghost-king/list?title_no=4005,Ghost King,Action,1.3M,9.49
https://www.webtoons.com/en/fantasy/here-there-be-dragons/list?title_no=2726,Here There Be Dragons,Fantasy,1.3M,9.54
https://www.webtoons.com/en/romance/threads-of-love/list?title_no=3337,Threads of Love,Romance,4.3M,9.53
https://www.webtoons.com/en/action/the-first-hunter/list?title_no=3040,The First Hunter,Action,5.4M,9.47
https://www.webtoons.com/en/fantasy/lovely-hell/list?title_no=3181,Lovely Hell,Fantasy,2.9M,9.43
https://www.webtoons.com/en/action/metro-hunter/list?title_no=3347,Metro Hunter,Action,2.5M,9.68
https://www.webtoons.com/en/fantasy/nothing-special/list?title_no=1188,Nothing Special,Fantasy,28.7M,9.6
https://www.webtoons.com/en/action/a-useless-villain/list?title_no=2969,A Useless Villain,Action,9.3M,8.89
https://www.webtoons.com/en/action/lily-crown/list?title_no=2751,Lily Crown,Action,1M,9.43
https://www.webtoons.com/en/fantasy/nomads/list?title_no=2732,Nomads,Fantasy,2.7M,9.79
https://www.webtoons.com/en/action/the-earths-chosen-savior/list?title_no=3593,The Earth's Chosen Savior,Action,3.1M,9.13
https://www.webtoons.com/en/romance/a-summer-nights-dream/list?title_no=2956,A Summer Night's Dream,Romance,8.4M,8.14
https://www.webtoons.com/en/fantasy/questism/list?title_no=3767,QUESTISM,Fantasy,2.1M,9.5
https://www.webtoons.com/en/action/code-adam/list?title_no=1657,Code Adam,Action,38.8M,9.75
https://www.webtoons.com/en/fantasy/deor/list?title_no=1663,Deor,Fantasy,32.2M,9.68
https://www.webtoons.com/en/fantasy/lullaby/list?title_no=4154,Lullaby,Fantasy,1.1M,8.57
https://www.webtoons.com/en/fantasy/little-matcha-girl/list?title_no=1665,Little Matcha Girl,Fantasy,13.4M,9.78
https://www.webtoons.com/en/fantasy/blue-matter/list?title_no=2923,Blue Matter,Fantasy,2.3M,9.7
https://www.webtoons.com/en/fantasy/philia-rose-the-prophecy-of-the-crown-of-thorns/list?title_no=3900,Philia Rosé: The Prophecy of the Crown of Thorns,Fantasy,2.1M,9.77
https://www.webtoons.com/en/action/gul/list?title_no=2617,Gul,Action,6.8M,9.57
https://www.webtoons.com/en/fantasy/the-matchmaking-baby-princess/list?title_no=3066,The Matchmaking,Fantasy,6.8M,9.53
https://www.webtoons.com/en/fantasy/how-to-become-a-dragon/list?title_no=1973,How to Become a Dragon,Fantasy,20.4M,9.77
https://www.webtoons.com/en/action/ultra-alternate-character/list?title_no=3581,Ultra-Alternate Character,Action,4M,9.4
https://www.webtoons.com/en/action/reincarnated-as-an-unruly-heir/list?title_no=3597,Reincarnated as an,Action,3.6M,9.64
https://www.webtoons.com/en/fantasy/so-youre-raising-a-warrior/list?title_no=3175,So You're Raising a Warrior,Fantasy,6.2M,9.56
https://www.webtoons.com/en/fantasy/the-final-raid-boss/list?title_no=3921,The Final Raid Boss,Fantasy,1.8M,9.13
https://www.webtoons.com/en/fantasy/the-ember-knight/list?title_no=2886,The Ember Knight,Fantasy,6.8M,9.8
https://www.webtoons.com/en/action/best-teacher-baek/list?title_no=4153,Best Teacher Baek,Action,1M,9.75
https://www.webtoons.com/en/comedy/god-please-make-me-a-demon/list?title_no=3198,"God, Please Make Me a Demon!",Comedy,8.9M,9.46
https://www.webtoons.com/en/fantasy/sable-curse/list?title_no=2735,Sable Curse,Fantasy,1.1M,9.76
https://www.webtoons.com/en/action/nano-machine/list?title_no=4344,Nano Machine,Action,"570,040",9.42
https://www.webtoons.com/en/fantasy/21st-century-knights/list?title_no=2718,21st Century Knights,Fantasy,2.6M,9.38
https://www.webtoons.com/en/romance/the-male-leads-girl-friend/list?title_no=3412,The Male Lead's Girl Friend,Romance,8.9M,9.5
https://www.webtoons.com/en/action/the-warrior-returns/list?title_no=3265,The Warrior Returns,Action,7M,8.82
https://www.webtoons.com/en/fantasy/branching-out/list?title_no=3204,Branching Out,Fantasy,"305,167",9.42
https://www.webtoons.com/en/fantasy/spells-from-hell/list?title_no=2431,Spells From Hell,Fantasy,15M,9.54
https://www.webtoons.com/en/fantasy/defects/list?title_no=2731,Defects,Fantasy,2.1M,9.57
https://www.webtoons.com/en/action/murim-rpg-simulation/list?title_no=3779,Murim RPG Simulation,Action,3.1M,9.57
https://www.webtoons.com/en/action/x-and-ash/list?title_no=3992,X & Ash,Action,1M,9.7
https://www.webtoons.com/en/fantasy/forever-after/list?title_no=2699,Forever After,Fantasy,14.6M,9.39
https://www.webtoons.com/en/action/infinite-leveling-murim/list?title_no=2676,Infinite Leveling: Murim,Action,9.9M,9.57
https://www.webtoons.com/en/action/the-strongest-florist/list?title_no=2507,The Strongest Florist,Action,22.5M,9.81
https://www.webtoons.com/en/fantasy/winter-moon/list?title_no=1093,Winter Moon,Fantasy,449.4M,9.4
https://www.webtoons.com/en/action/limit-breaker/list?title_no=4176,Limit Breaker,Action,1.4M,9.14
https://www.webtoons.com/en/fantasy/rewriting-the-villainess/list?title_no=4093,Rewriting the Villainess,Fantasy,3.4M,9.65
https://www.webtoons.com/en/romance/long-after-the-ending/list?title_no=4179,Long After the Ending,Romance,1.5M,9.57
https://www.webtoons.com/en/comedy/teenage-dragon/list?title_no=4188,Teenage Dragon,Comedy,"531,910",9.54
https://www.webtoons.com/en/action/ordeal/list?title_no=2729,Ordeal,Action,8.9M,9.8
https://www.webtoons.com/en/fantasy/descended-from-divinity/list?title_no=3450,Descended from Divinity,Fantasy,"851,266",8.7
https://www.webtoons.com/en/fantasy/god-tribe/list?title_no=4352,God Tribe,Fantasy,"418,558",9.64
https://www.webtoons.com/en/action/fray/list?title_no=4351,Fray,Action,"743,077",9.66
https://www.webtoons.com/en/action/i-get-stronger-the-more-i-eat/list?title_no=3199,I Get Stronger the More I Eat,Action,10.7M,9.28
https://www.webtoons.com/en/fantasy/the-lone-spellcaster/list?title_no=3478,The Lone Spellcaster,Fantasy,8.1M,8.35
https://www.webtoons.com/en/fantasy/regina-lena-to-the-unforgiven/list?title_no=3920,Regina Rena:,Fantasy,5.4M,9.68
https://www.webtoons.com/en/romance/taming-the-marquess/list?title_no=4345,Taming the Marquess,Romance,"768,944",8.56
https://www.webtoons.com/en/romance/of-dark-lords-and-cabbages/list?title_no=2750,Of Dark Lords and Cabbages,Romance,11.5M,9.38
https://www.webtoons.com/en/romance/the-newlywed-diary-of-a-witch-and-a-dragon/list?title_no=2448,The Newlywed Diary,Romance,36M,9.24
https://www.webtoons.com/en/fantasy/66666-years-advent-of-the-dark-mage/list?title_no=3441,"66,666 Years:",Fantasy,9.5M,9.75
https://www.webtoons.com/en/action/hero-killer/list?title_no=2745,Hero Killer,Action,22.7M,9.76
https://www.webtoons.com/en/romance/there-must-be-happy-endings/list?title_no=3065,There Must Be Happy Endings,Romance,19.9M,9.69
https://www.webtoons.com/en/action/return-to-player/list?title_no=2574,Return to Player,Action,21.6M,9.67
https://www.webtoons.com/en/action/dungeons-and-artifacts/list?title_no=2575,Dungeons & Artifacts,Action,19.9M,9.57
https://www.webtoons.com/en/action/my-s-class-hunters/list?title_no=3963,My S-Class Hunters,Action,3.4M,9.69
https://www.webtoons.com/en/fantasy/the-lazy-lord-masters-the-sword/list?title_no=3349,The Lazy Lord Masters the Sword,Fantasy,8.9M,9.85
https://www.webtoons.com/en/romance/phone-addict/list?title_no=4187,Phone Addict,Romance,"667,159",9.39
https://www.webtoons.com/en/fantasy/1hp-club/list?title_no=2960,1HP Club,Fantasy,19.7M,9.62
https://www.webtoons.com/en/fantasy/twilight-poem/list?title_no=4209,Twilight Poem,Fantasy,"655,806",9.76
https://www.webtoons.com/en/action/the-druid-of-seoul-station/list?title_no=3453,The Druid of Seoul Station,Action,12.2M,9.54
https://www.webtoons.com/en/fantasy/his-majestys-proposal/list?title_no=2674,His Majesty's Proposal,Fantasy,30.7M,9.25
https://www.webtoons.com/en/fantasy/the-princesss-jewels/list?title_no=2966,The Princess's Jewels,Fantasy,17.7M,8.68
https://www.webtoons.com/en/fantasy/men-of-the-harem/list?title_no=2443,Men of the Harem,Fantasy,61.1M,9.65
https://www.webtoons.com/en/fantasy/the-lone-necromancer/list?title_no=3690,The Lone Necromancer,Fantasy,9.9M,9.7
https://www.webtoons.com/en/comedy/99-reinforced-wooden-stick/list?title_no=4286,+99 Reinforced Wooden Stick,Comedy,"630,621",9.37
https://www.webtoons.com/en/fantasy/my-inlaws-are-obsessed-with-me/list?title_no=3918,My In-Laws are Obsessed with Me,Fantasy,7.1M,9.8
https://www.webtoons.com/en/fantasy/when-jasy-whistles/list?title_no=2721,When Jasy Whistles,Fantasy,17.4M,9.81
https://www.webtoons.com/en/romance/see-you-in-my-19th-life/list?title_no=1266,See You in My 19th Life,Romance,63.5M,9.88
https://www.webtoons.com/en/action/the-god-of-high-school/list?title_no=66,The God of High School,Action,724.5M,9.69
https://www.webtoons.com/en/fantasy/happily-ever-afterwards/list?title_no=2737,Happily Ever Afterwards,Fantasy,24.4M,9.76
https://www.webtoons.com/en/fantasy/tower-of-god/list?title_no=95,Tower of God,Fantasy,993.6M,9.86
https://www.webtoons.com/en/fantasy/like-wind-on-a-dry-branch/list?title_no=2405,Like Wind on a Dry Branch,Fantasy,61.6M,9.78
https://www.webtoons.com/en/action/eleceed/list?title_no=1571,Eleceed,Action,162.8M,9.95
https://www.webtoons.com/en/action/the-world-after-the-fall/list?title_no=4011,The World After the Fall,Action,4.9M,9.78
https://www.webtoons.com/en/action/villain-to-kill/list?title_no=2857,Villain to Kill,Action,36.1M,9.78
https://www.webtoons.com/en/romance/leveling-up-my-husband-to-the-max/list?title_no=3311,Leveling Up,Romance,21.4M,9.61
https://www.webtoons.com/en/action/doom-breaker/list?title_no=3197,Doom Breaker,Action,26.7M,9.79
https://www.webtoons.com/en/action/jungle-juice/list?title_no=2480,Jungle Juice,Action,50.3M,9.79
https://www.webtoons.com/en/fantasy/the-first-night-with-the-duke/list?title_no=1267,The First Night With the Duke,Fantasy,88.1M,9.65
https://www.webtoons.com/en/fantasy/the-wicked-heroines-stepmother/list?title_no=3039,Tricked into Becoming the Heroine's Stepmother,Fantasy,35.7M,9.72
https://www.webtoons.com/en/action/the-advanced-player-of-the-tutorial-tower/list?title_no=2409,The Advanced Player of,Action,69.2M,9.51
https://www.webtoons.com/en/romance/blood-reverie/list?title_no=2806,Blood Reverie,Romance,2.2M,9.16
https://www.webtoons.com/en/action/omniscient-reader/list?title_no=2154,Omniscient Reader,Action,141.1M,9.9
https://www.webtoons.com/en/romance/my-gently-raised-beast/list?title_no=2606,My Gently Raised Beast,Romance,66.3M,9.8
https://www.webtoons.com/en/fantasy/morgana-and-oz/list?title_no=2964,Morgana and Oz,Fantasy,26M,9.8
https://www.webtoons.com/en/romance/subzero/list?title_no=1468,SubZero,Romance,314.3M,9.78
https://www.webtoons.com/en/romance/eaternal-nocturnal/list?title_no=2832,Eaternal Nocturnal,Romance,31M,9.83
https://www.webtoons.com/en/fantasy/suitor-armor/list?title_no=2159,Suitor Armor,Fantasy,81M,9.76
https://www.webtoons.com/en/romance/lore-olympus/list?title_no=1320,Lore Olympus,Romance,1.1B,9.71
https://www.webtoons.com/en/drama/the-devil-is-a-handsome-man/list?title_no=1311,The Devil is a Handsome Man,Drama,31.4M,9.55
https://www.webtoons.com/en/drama/version-day-and-night/list?title_no=1796,Version Day and Night,Drama,10.4M,9.52
https://www.webtoons.com/en/romance/unlovable-replacement/list?title_no=1762,Unlovable Replacement,Romance,76.8M,9.77
https://www.webtoons.com/en/sf/in-the-bleak-midwinter/list?title_no=1946,In the Bleak Midwinter;,Sci-fi,21.6M,9.77
https://www.webtoons.com/en/drama/the-shadow-prophet/list?title_no=1881,The Shadow Prophet,Drama,1.8M,9.55
https://www.webtoons.com/en/romance/death-of-a-pop-star/list?title_no=2273,Death of a Pop Star,Romance,22M,9.36
https://www.webtoons.com/en/fantasy/lumine/list?title_no=1022,LUMINE,Fantasy,331.7M,9.82
https://www.webtoons.com/en/drama/midnight-rain/list?title_no=1797,Midnight Rain,Drama,14.8M,9.09
https://www.webtoons.com/en/supernatural/jacksons-diary/list?title_no=2446,Jackson's Diary,Supernatural,43.1M,9.7
https://www.webtoons.com/en/fantasy/heavenly-roommates/list?title_no=3208,Heavenly Roommates,Fantasy,4M,9.52
https://www.webtoons.com/en/romance/nice-to-meet-you/list?title_no=2066,Nice To Meet You,Romance,76.8M,9.79
https://www.webtoons.com/en/drama/beyond-virtual/list?title_no=2504,Beyond Virtual,Drama,3.2M,9.19
https://www.webtoons.com/en/drama/lost-in-translation/list?title_no=1882,Lost in Translation,Drama,39.3M,9.71
https://www.webtoons.com/en/romance/love-me-knot/list?title_no=2224,Love Me Knot,Romance,42.7M,9.34
https://www.webtoons.com/en/fantasy/raven-saga/list?title_no=2527,Raven Saga,Fantasy,7.9M,9.78
https://www.webtoons.com/en/drama/shes-hopeless/list?title_no=2767,She's Hopeless,Drama,32.6M,9.58
https://www.webtoons.com/en/thriller/shotgun-boy/list?title_no=2534,Shotgun Boy,Thriller,34.2M,9.81
https://www.webtoons.com/en/drama/the-legendary-fossil/list?title_no=3212,The Legendary Fossil,Drama,2M,8.8
https://www.webtoons.com/en/drama/dreaming-freedom/list?title_no=4180,Dreaming Freedom,Drama,2.2M,9.52
https://www.webtoons.com/en/drama/agatha/list?title_no=3525,Agatha,Drama,2.8M,9
https://www.webtoons.com/en/fantasy/mythical-errand/list?title_no=4014,Mythical Errand,Fantasy,3.6M,9.35
https://www.webtoons.com/en/romance/love-and-leashes/list?title_no=3919,Love and Leashes,Romance,8.4M,8.85
https://www.webtoons.com/en/romance/double-binded-by-love/list?title_no=3438,Double-Binded By Love,Romance,2M,8.03
https://www.webtoons.com/en/thriller/dr-hound/list?title_no=3266,Dr. Hound,Thriller,1.3M,9.03
https://www.webtoons.com/en/romance/no-outtakes/list?title_no=4013,No Outtakes,Romance,3.5M,9.43
https://www.webtoons.com/en/drama/city-of-wall/list?title_no=505,City of Walls,Drama,"458,252",7.43
https://www.webtoons.com/en/drama/all-that-you-are/list?title_no=403,All That You Are,Drama,1.6M,9.22
https://www.webtoons.com/en/action/caster/list?title_no=1461,Caster,Action,"844,145",9.04
https://www.webtoons.com/en/drama/aisopos/list?title_no=76,Aisopos,Drama,5.6M,9.73
https://www.webtoons.com/en/fantasy/alice-elise/list?title_no=1481,Alice Elise,Fantasy,1.3M,8.96
https://www.webtoons.com/en/fantasy/thornstone/list?title_no=1612,Thornstone,Fantasy,4.3M,9.1
https://www.webtoons.com/en/sf/haxor/list?title_no=1325,Haxor,Sci-fi,1.9M,9.11
https://www.webtoons.com/en/drama/metaphorical-her/list?title_no=1475,Metaphorical HER,Drama,1.3M,8.96
https://www.webtoons.com/en/drama/westwood-vibrato/list?title_no=537,Westwood Vibrato,Drama,2.8M,9.66
https://www.webtoons.com/en/super-hero/power-ballad/list?title_no=987,Power Ballad,Superhero,1.2M,9.15
https://www.webtoons.com/en/fantasy/davinchibi/list?title_no=1190,Davinchibi,Fantasy,1.2M,8.88
https://www.webtoons.com/en/sf/2015-space-series/list?title_no=391,2015: Space Series,Sci-fi,1.1M,9.27
https://www.webtoons.com/en/fantasy/sithrah/list?title_no=524,Sithrah,Fantasy,3.1M,9.48
https://www.webtoons.com/en/sf/heartwired/list?title_no=1539,Heartwired,Sci-fi,2.1M,9.18
https://www.webtoons.com/en/supernatural/faust/list?title_no=522,Faust,Supernatural,8.9M,7.99
https://www.webtoons.com/en/drama/subtle-disaster/list?title_no=350,Subtle Disaster,Drama,3.4M,9.4
https://www.webtoons.com/en/drama/new-normal-class-8/list?title_no=100,New Normal: Class 8,Drama,40.9M,9.52
https://www.webtoons.com/en/sf/gepetto/list?title_no=81,Gepetto,Sci-fi,14.6M,9.78
https://www.webtoons.com/en/drama/american-road-trip/list?title_no=2209,American Road Trip,Drama,1.8M,9.62
https://www.webtoons.com/en/supernatural/witch-hunt/list?title_no=363,Witch Hunt,Supernatural,20M,9.5
https://www.webtoons.com/en/super-hero/heroine-chic/list?title_no=561,Heroine Chic,Superhero,24.6M,8.92
https://www.webtoons.com/en/drama/family-man/list?title_no=85,FAMILY MAN,Drama,2.6M,9.72
https://www.webtoons.com/en/drama/the-golden-spoon/list?title_no=2565,The Golden Spoon,Drama,2.5M,9.14
https://www.webtoons.com/en/thriller/ctrlz/list?title_no=2141,Ctrl+Z,Thriller,9.5M,7.85
https://www.webtoons.com/en/super-hero/magical-12th-graders/list?title_no=90,Magical 12th Graders,Superhero,11.6M,9.33
https://www.webtoons.com/en/fantasy/webtoon-greenlight/list?title_no=1988,WEBTOON GREENLiGHT,Fantasy,16.2M,9.61
https://www.webtoons.com/en/fantasy/the-masked-fables/list?title_no=2384,The Masked Fables,Fantasy,3.1M,9.42
https://www.webtoons.com/en/comedy/ode-to-our-youth/list?title_no=3898,Ode to Our Youth,Comedy,"699,740",9.38
https://www.webtoons.com/en/supernatural/the-world-where-i-belong/list?title_no=1318,The World Where I Belong,Supernatural,9M,9.56
https://www.webtoons.com/en/romance/cupids-arrows/list?title_no=1538,Cupid's Arrows,Romance,3.8M,9.26
https://www.webtoons.com/en/historical/the-weight-of-our-sky/list?title_no=1739,The Weight of Our Sky,Historical,8.3M,9.79
https://www.webtoons.com/en/drama/winter-woods/list?title_no=344,Winter Woods,Drama,69.9M,9.81
https://www.webtoons.com/en/supernatural/magic-soda-pop/list?title_no=1947,Magic Soda Pop,Supernatural,4.8M,8.87
https://www.webtoons.com/en/comedy/god-of-bath/list?title_no=91,God of Bath,Comedy,5.6M,9.51
https://www.webtoons.com/en/fantasy/under-the-aegis/list?title_no=436,Under the Aegis,Fantasy,10.9M,9.76
https://www.webtoons.com/en/drama/larashati/list?title_no=3483,Laras's Heart,Drama,1.4M,9.04
https://www.webtoons.com/en/romance/a-fake-affiar/list?title_no=2276,A Fake Affair,Romance,1.3M,9.19
https://www.webtoons.com/en/sports/be-still-my-heart/list?title_no=4012,Be Still My Heart,Sports,"557,425",9.11
https://www.webtoons.com/en/supernatural/11-of-me/list?title_no=3235,11 of Me,Supernatural,1.4M,8.83
https://www.webtoons.com/en/thriller/friday/list?title_no=388,Friday: Forbidden Tales,Thriller,12.7M,9.18
https://www.webtoons.com/en/drama/ghost-theater/list?title_no=1911,Ghost Theater,Drama,15.7M,9.77
https://www.webtoons.com/en/romance/behind-the-curtain/list?title_no=2858,Behind the Curtain,Romance,1.5M,8.46
https://www.webtoons.com/en/drama/about-death/list?title_no=82,About Death,Drama,6.2M,9.83
https://www.webtoons.com/en/thriller/see-no-evil/list?title_no=2738,See No Evil,Thriller,3.3M,9.45
https://www.webtoons.com/en/romance/the-stories-of-those-around-me/list?title_no=96,The Stories of Those Around Me,Romance,16.9M,9.66
https://www.webtoons.com/en/romance/salty-studio/list?title_no=74,Salty Studio,Romance,21.4M,9.69
https://www.webtoons.com/en/fantasy/crown-of-feathers/list?title_no=2126,Crown of Feathers,Fantasy,10M,9.15
https://www.webtoons.com/en/drama/lilac-200/list?title_no=3116,Lilac 200%,Drama,2.1M,9.16
https://www.webtoons.com/en/drama/yuna-and-kawachan/list?title_no=1840,Yuna & Kawachan,Drama,10M,9.71
https://www.webtoons.com/en/drama/cheese-in-the-trap/list?title_no=99,Cheese in the Trap,Drama,153M,9.71
https://www.webtoons.com/en/mystery/garden-club-detective-squad/list?title_no=2410,Garden Club Detective Squad,Mystery,5.5M,9.75
https://www.webtoons.com/en/romance/scorching-romance/list?title_no=1662,Scorching Romance,Romance,45.4M,9.69
https://www.webtoons.com/en/supernatural/this-magical-moment/list?title_no=2563,This Magical Moment,Supernatural,3.9M,9.44
https://www.webtoons.com/en/thriller/dearx/list?title_no=2503,Dear X,Thriller,6.5M,9.55
https://www.webtoons.com/en/fantasy/house-of-stars/list?title_no=1620,House of Stars,Fantasy,5.6M,9.79
https://www.webtoons.com/en/thriller/the-saviors-time/list?title_no=2608,The Savior's Time,Thriller,2.4M,9.59
https://www.webtoons.com/en/romance/big-jo/list?title_no=854,Big Jo,Romance,73.8M,9.17
https://www.webtoons.com/en/drama/spirit-fingers/list?title_no=1577,Spirit Fingers,Drama,32.9M,9.91
https://www.webtoons.com/en/drama/dark-mortal/list?title_no=2505,Dark Mortal,Drama,9.9M,9.78
https://www.webtoons.com/en/drama/the-girl-from-class/list?title_no=73,THE GIRL FROM CLASS,Drama,6.7M,9.46
https://www.webtoons.com/en/fantasy/dragnarok/list?title_no=1018,Dragnarok,Fantasy,10.4M,9.48
https://www.webtoons.com/en/action/bloodhounds/list?title_no=4000,Bloodhounds,Action,1.2M,9.26
https://www.webtoons.com/en/fantasy/hooky/list?title_no=425,Hooky,Fantasy,99.6M,9.8
https://www.webtoons.com/en/slice-of-life/yumi-cell/list?title_no=478,Yumi's Cells,Slice of life,187M,9.77
https://www.webtoons.com/en/romance/oh-holy/list?title_no=809,Oh! Holy,Romance,140.1M,9.7
https://www.webtoons.com/en/drama/kids-are-all-right/list?title_no=283,Kids Are All Right,Drama,5.8M,9.75
https://www.webtoons.com/en/romance/assassin-roommate/list?title_no=1050,Assassin Roommate,Romance,71.2M,9.28
https://www.webtoons.com/en/drama/taste-of-illness/list?title_no=2506,Taste of Illness,Drama,3.3M,9.83
https://www.webtoons.com/en/action/girls-of-the-wilds/list?title_no=93,Girls of the Wild's,Action,171M,9.57
https://www.webtoons.com/en/fantasy/the-strange-tales-of-oscar-zahn/list?title_no=685,The Strange Tales of Oscar Zahn,Fantasy,15.1M,9.79
https://www.webtoons.com/en/drama/days-of-hana/list?title_no=1246,Days of Hana,Drama,102.7M,9.77
https://www.webtoons.com/en/romance/luff/list?title_no=1489,LUFF,Romance,92.5M,9.28
https://www.webtoons.com/en/sf/if-ai-ruled-the-world/list?title_no=2605,If AI Ruled the World,Sci-fi,4.2M,9.72
https://www.webtoons.com/en/drama/shoot-around/list?title_no=399,ShootAround,Drama,25.6M,9.69
https://www.webtoons.com/en/romance/her-bucket-list/list?title_no=2564,Her Bucket List,Romance,9.5M,9.7
https://www.webtoons.com/en/supernatural/my-boo/list?title_no=1185,My Boo,Supernatural,46.5M,9.75
https://www.webtoons.com/en/drama/deaths-game/list?title_no=1265,Death's Game,Drama,13.6M,9.75
https://www.webtoons.com/en/romance/the-makeup-remover/list?title_no=2186,The Makeup Remover,Romance,100.6M,9.64
https://www.webtoons.com/en/heartwarming/heart-anthology/list?title_no=2191,HEART Anthology,Heartwarming,11.7M,9.66
https://www.webtoons.com/en/super-hero/shadow/list?title_no=281,SHADOW,Superhero,3.7M,9.42
https://www.webtoons.com/en/romance/late-bloomer/list?title_no=988,Late Bloomer,Romance,15.7M,9.26
https://www.webtoons.com/en/drama/life-outside-the-circle/list?title_no=1260,Life Outside the Circle,Drama,12.4M,9.39
https://www.webtoons.com/en/romance/cherry-blossoms/list?title_no=1005,Cherry Blossoms,Romance,2.5M,9.24
https://www.webtoons.com/en/thriller/tales-of-greed/list?title_no=2772,Tales of Greed,Thriller,5.8M,9.44
https://www.webtoons.com/en/drama/my-id-is-gangnam-beauty/list?title_no=3064,My ID is Gangnam Beauty!,Drama,9M,9.47
https://www.webtoons.com/en/romance/she-would-never-know/list?title_no=2508,She Would Never Know,Romance,13.1M,9.12
https://www.webtoons.com/en/romance/a-good-day-tobe-a-dog/list?title_no=1390,A Good Day to be a Dog,Romance,103.7M,9.84
https://www.webtoons.com/en/fantasy/luggage/list?title_no=1642,Luggage,Fantasy,2.4M,8.38
https://www.webtoons.com/en/thriller/bastard/list?title_no=485,Bastard,Thriller,141.7M,9.87
https://www.webtoons.com/en/drama/my-life-as-a-loser/list?title_no=3114,My Life as a Loser,Drama,5.6M,9.83
https://www.webtoons.com/en/drama/bts-save-me/list?title_no=1514,SAVE ME,Drama,56.1M,9.87
https://www.webtoons.com/en/drama/gourmet-hound/list?title_no=1245,Gourmet Hound,Drama,107.2M,9.82
https://www.webtoons.com/en/romance/theres-love-hidden-in-lies/list?title_no=2467,There's Love Hidden in Lies,Romance,11.6M,7.64
https://www.webtoons.com/en/drama/the-horizon/list?title_no=3141,The Horizon,Drama,2.6M,9.83
https://www.webtoons.com/en/romance/to-love-your-enemy/list?title_no=2114,To Love Your Enemy,Romance,136.5M,9.54
https://www.webtoons.com/en/romance/where-tangents-meet/list?title_no=421,Where Tangents Meet,Romance,92.6M,9.73
https://www.webtoons.com/en/drama/your-letter/list?title_no=1540,Your Letter,Drama,10.7M,9.93
https://www.webtoons.com/en/drama/the-sound-of-magic-annarasumanara/list?title_no=77,The Sound of Magic: Annarasumanara,Drama,13M,9.74
https://www.webtoons.com/en/drama/a-mark-against-thee/list?title_no=4119,A Mark Against Thee,Drama,1.8M,9.51
https://www.webtoons.com/en/historical/madame-outlaw/list?title_no=2716,Madame Outlaw,Historical,7.8M,9.47
https://www.webtoons.com/en/drama/mom-im-sorry/list?title_no=2049,"Mom, I'm Sorry",Drama,40M,9.71
https://www.webtoons.com/en/romance/my-dear-cold-blooded-king/list?title_no=961,My Dear Cold-Blooded King,Romance,288.1M,9.72
https://www.webtoons.com/en/supernatural/muted/list?title_no=1566,Muted,Supernatural,58M,9.72
https://www.webtoons.com/en/fantasy/from-morning-to-night/list?title_no=3207,From Morning to Night,Fantasy,1.2M,9.28
https://www.webtoons.com/en/supernatural/unholy-blood/list?title_no=1262,Unholy Blood,Supernatural,116.9M,9.86
https://www.webtoons.com/en/thriller/its-mine/list?title_no=2010,It's Mine,Thriller,88.4M,9.73
https://www.webtoons.com/en/romance/discovering-love-a-harlequin-romance-collection/list?title_no=3791,Discovering Love: A Harlequin Romance Collection,Romance,"746,271",9.03
https://www.webtoons.com/en/slice-of-life/she-bites/list?title_no=3236,She Bites!,Slice of life,1.1M,9.68
https://www.webtoons.com/en/drama/mayas-world/list?title_no=3200,Maya's World,Drama,1.8M,9.21
https://www.webtoons.com/en/drama/the-aftermath/list?title_no=3344,The Aftermath,Drama,"906,490",9.49
https://www.webtoons.com/en/sf/the-sound-of-another/list?title_no=2955,The Sound of Another,Sci-fi,3.2M,8.58
https://www.webtoons.com/en/drama/code-helix/list?title_no=3267,CODE HELIX,Drama,"867,864",9.58
https://www.webtoons.com/en/mystery/dr-frost/list?title_no=371,Dr. Frost,Mystery,38.4M,9.8
https://www.webtoons.com/en/drama/tomorrow/list?title_no=3913,Tomorrow,Drama,1.4M,9.64
https://www.webtoons.com/en/drama/to-be-ordinary/list?title_no=3246,To Be Ordinary!,Drama,1.2M,9.25
https://www.webtoons.com/en/action/if/list?title_no=1925,IF,Action,4.2M,9.06
https://www.webtoons.com/en/slice-of-life/kidults/list?title_no=2968,Kidults,Slice of life,2.6M,9.51
https://www.webtoons.com/en/fantasy/soleil/list?title_no=1823,SOLEIL,Fantasy,7.4M,9.53
https://www.webtoons.com/en/thriller/of-what-remains/list?title_no=2720,Of What Remains,Thriller,1M,9.63
https://www.webtoons.com/en/comedy/romance-punch/list?title_no=3360,Romance Punch,Comedy,"421,102",8.87
https://www.webtoons.com/en/drama/asterion/list?title_no=2471,Asterion,Drama,1.9M,9.07
https://www.webtoons.com/en/thriller/money-game/list?title_no=3254,Money Game,Thriller,1.9M,8.93
https://www.webtoons.com/en/historical/the-snake-and-the-flower/list?title_no=2619,The Snake and the Flower,Historical,5.4M,9.7
https://www.webtoons.com/en/drama/blue/list?title_no=3477,Blue,Drama,"588,229",9.83
https://www.webtoons.com/en/fantasy/savior/list?title_no=3413,Savior,Fantasy,2.5M,9.39
https://www.webtoons.com/en/drama/whale-star-the-gyeongseong-mermaid/list?title_no=3237,Whale Star: The Gyeongseong Mermaid,Drama,8.1M,9.86
https://www.webtoons.com/en/action/the-world-is-money-and-power/list?title_no=2615,The World is Money and Power,Action,5.9M,9.63
https://www.webtoons.com/en/drama/a-mans-man/list?title_no=2876,A Man's Man,Drama,2.6M,9.83
https://www.webtoons.com/en/action/survival-log/list?title_no=4175,Survival Log,Action,"554,427",8.86
https://www.webtoons.com/en/drama/da-yomanville-gang/list?title_no=1578,Da Yomanville Gang,Drama,19.1M,9.18
https://www.webtoons.com/en/drama/ghost-on-the-roof/list?title_no=2872,Ghost on the Roof,Drama,1M,9.51
https://www.webtoons.com/en/fantasy/mage-again/list?title_no=3476,Mage Again,Fantasy,2.2M,9.71
https://www.webtoons.com/en/drama/moonlight-beauty-parlor/list?title_no=3092,Moonlight Beauty Parlor,Drama,3.7M,9.66
https://www.webtoons.com/en/slice-of-life/a-deadbeats-meal/list?title_no=3910,A DeadbEAT's Meal,Slice of life,1.4M,9.17
https://www.webtoons.com/en/drama/whos-mr-president/list?title_no=4117,Who's Mr. President?,Drama,"695,362",9.83
https://www.webtoons.com/en/drama/our-time/list?title_no=3600,Our Time,Drama,2M,9.7
https://www.webtoons.com/en/drama/fluidum/list?title_no=2283,Fluidum,Drama,10.1M,9.02
https://www.webtoons.com/en/drama/write-to-your-heart/list?title_no=4161,Write to Your Heart!,Drama,"741,515",9.16
https://www.webtoons.com/en/drama/random-chat/list?title_no=1669,Random Chat,Drama,25.7M,9.61
https://www.webtoons.com/en/drama/the-nuna-at-our-office/list?title_no=3089,The Nuna at Our Office,Drama,4.9M,9.5
https://www.webtoons.com/en/drama/take-me-im-yours/list?title_no=2833,"Take Me, I'm Yours",Drama,4.9M,9.56
https://www.webtoons.com/en/fantasy/lone/list?title_no=1929,Lone,Fantasy,14.8M,9.71
https://www.webtoons.com/en/fantasy/four-leaf/list?title_no=1454,Four Leaf,Fantasy,13.2M,9.72
https://www.webtoons.com/en/drama/loser-coin/list?title_no=4177,Loser Coin,Drama,"894,755",8.2
https://www.webtoons.com/en/fantasy/the-spark-in-your-eyes/list?title_no=3210,The Spark in Your Eyes,Fantasy,4.7M,9.7
https://www.webtoons.com/en/fantasy/woven/list?title_no=2744,Woven,Fantasy,1.3M,9.73
https://www.webtoons.com/en/drama/daytime-star/list?title_no=3908,Daytime Star,Drama,2M,9.75
https://www.webtoons.com/en/comedy/bad-signs/list?title_no=1623,Bad Signs,Comedy,13.9M,9.55
https://www.webtoons.com/en/drama/pyramid-game/list?title_no=2277,Pyramid Game,Drama,8.9M,9.61
https://www.webtoons.com/en/romance/the-girl-downstairs/list?title_no=1809,The Girl Downstairs,Romance,36.5M,9.51
https://www.webtoons.com/en/drama/blessed/list?title_no=1193,#Blessed,Drama,20.9M,9.18
https://www.webtoons.com/en/romance/muerte-no-escrita/list?title_no=3201,Unwritten Death,Romance,6.1M,9.64
https://www.webtoons.com/en/mystery/senorita-cometa/list?title_no=3387,Señorita Cometa,Mystery,1.3M,9.62
https://www.webtoons.com/en/drama/heirs-game/list?title_no=1445,Heir's Game,Drama,30.4M,9.73
https://www.webtoons.com/en/romance/cierra/list?title_no=3670,Cierra,Romance,4.5M,9.56
https://www.webtoons.com/en/drama/mistake/list?title_no=4118,Mistake,Drama,1.1M,8
https://www.webtoons.com/en/romance/the-fox-club/list?title_no=4079,The Fox Club,Romance,1.9M,9.18
https://www.webtoons.com/en/drama/to-not-die/list?title_no=3787,To Not Die,Drama,2.7M,9.67
https://www.webtoons.com/en/supernatural/flawed-almighty/list?title_no=3577,Flawed Almighty,Supernatural,7.1M,9.57
https://www.webtoons.com/en/romance/our-secret-alliance/list?title_no=4178,Our Secret Alliance,Romance,1.2M,9.6
https://www.webtoons.com/en/fantasy/the-croaking/list?title_no=1494,The Croaking,Fantasy,50.2M,9.78
https://www.webtoons.com/en/sf/space-boy/list?title_no=400,Space Boy,Sci-fi,75.3M,9.84
https://www.webtoons.com/en/drama/seven-years-later/list?title_no=3647,Seven Years Later,Drama,1.3M,9.64
https://www.webtoons.com/en/drama/the-tax-reaper/list?title_no=4115,The Tax Reaper,Drama,2.5M,9.11
https://www.webtoons.com/en/fantasy/aza/list?title_no=3994,Aza,Fantasy,2.8M,9.73
https://www.webtoons.com/en/romance/date-first-love-later/list?title_no=3345,"Date First, Love Later",Romance,9.8M,9.61
https://www.webtoons.com/en/action/study-group/list?title_no=3595,Study Group,Action,8.1M,9.76
https://www.webtoons.com/en/drama/after-school-lessons-for-unripe-apples/list?title_no=3093,After School Lessons,Drama,7.7M,9.92
https://www.webtoons.com/en/action/viral-hit/list?title_no=2268,Viral Hit,Action,46.6M,9.84
https://www.webtoons.com/en/romance/another-love/list?title_no=3964,Another Love,Romance,4.8M,9.68
https://www.webtoons.com/en/romance/time-and-reason/list?title_no=4210,Time and Reason,Romance,"435,910",8.66
https://www.webtoons.com/en/fantasy/time-roulette/list?title_no=4313,Time Roulette,Fantasy,"413,435",9.24
https://www.webtoons.com/en/fantasy/the-greatest-estate-developer/list?title_no=3596,The Greatest Estate Developer,Fantasy,5.8M,9.89
https://www.webtoons.com/en/romance/to-you-who-swallowed-a-star/list?title_no=2533,To You Who Swallowed a Star,Romance,22.2M,9.51
https://www.webtoons.com/en/comedy/boyfriend-of-the-dead/list?title_no=1102,Boyfriend of the Dead,Comedy,411.8M,9.74
https://www.webtoons.com/en/drama/odd-girl-out/list?title_no=1420,Odd Girl Out,Drama,159.9M,9.84
https://www.webtoons.com/en/romance/seasonsofblossom/list?title_no=2509,Seasons of Blossom,Romance,44.9M,9.87
https://www.webtoons.com/en/fantasy/from-a-knight-to-a-lady/list?title_no=3164,From a Knight to a Lady,Fantasy,14.2M,9.73
https://www.webtoons.com/en/drama/lookism/list?title_no=1049,Lookism,Drama,564.4M,9.78
https://www.webtoons.com/en/romance/bitten-contract/list?title_no=3689,Bitten Contract,Romance,9M,9.66
https://www.webtoons.com/en/drama/fictional-skin/list?title_no=3272,Fictional Skin,Drama,3.1M,9.77
https://www.webtoons.com/en/romance/secretary-out-of-order/list?title_no=3790,Secretary Out-of-Order,Romance,11.3M,9.14
https://www.webtoons.com/en/drama/archie-comics-big-ethel-energy/list?title_no=3363,Archie Comics:,Drama,17.7M,8.64
https://www.webtoons.com/en/drama/the-four-of-them/list?title_no=1524,The Four of Them,Drama,86.8M,9.58
https://www.webtoons.com/en/mystery/purple-hyacinth/list?title_no=1621,Purple Hyacinth,Mystery,98.5M,9.91
https://www.webtoons.com/en/action/weakhero/list?title_no=1726,Weak Hero,Action,165.6M,9.84
https://www.webtoons.com/en/fantasy/your-throne/list?title_no=2009,Your Throne,Fantasy,111.2M,9.81
https://www.webtoons.com/en/drama/my-dud-to-stud-boyfriend/list?title_no=4353,My Dud to Stud Boyfriend,Drama,"669,073",6.5
https://www.webtoons.com/en/drama/wished-you-were-dead/list?title_no=3591,Wished You Were Dead,Drama,13.7M,9.13
https://www.webtoons.com/en/romance/perfect-marriage-revenge/list?title_no=3484,Perfect Marriage Revenge,Romance,20.9M,9.63
https://www.webtoons.com/en/drama/acception/list?title_no=1513,Acception,Drama,142.7M,9.02
https://www.webtoons.com/en/romance/the-runway/list?title_no=3691,The RUNWAY,Romance,14.6M,9.43
https://www.webtoons.com/en/romance/edith/list?title_no=1536,Edith,Romance,112.3M,9.67
https://www.webtoons.com/en/drama/get-schooled/list?title_no=2684,Get Schooled,Drama,34.2M,9.8
https://www.webtoons.com/en/drama/i-love-yoo/list?title_no=986,I Love Yoo,Drama,558.5M,9.76
https://www.webtoons.com/en/romance/age-matters/list?title_no=1364,Age Matters,Romance,381.8M,9.78
https://www.webtoons.com/en/romance/sixth-sense-kiss/list?title_no=2921,Sixth Sense Kiss,Romance,41M,9.76
https://www.webtoons.com/en/action/teenage-mercenary/list?title_no=2677,Teenage Mercenary,Action,47.3M,9.86
https://www.webtoons.com/en/romance/maybe-meant-to-be/list?title_no=4208,Maybe Meant to Be,Romance,2.2M,9.81
https://www.webtoons.com/en/romance/reunion/list?title_no=3416,Reunion,Romance,13.1M,9.77
https://www.webtoons.com/en/romance/midnight-poppy-land/list?title_no=1798,Midnight Poppy Land,Romance,205.2M,9.8
https://www.webtoons.com/en/fantasy/the-remarried-empress/list?title_no=2135,The Remarried Empress,Fantasy,246M,9.87
https://www.webtoons.com/en/romance/truebeauty/list?title_no=1436,True Beauty,Romance,888.8M,9.52
